0x79809043	DAL_Clean	1
0xf977571c	DAL_Printf	1
0x10839f69	DAL_SetColor	1
0xd8ff81bb	DAL_SetScreenColor	1
0xfb24a559	PDE_DATA	10
0x01e4f4e8	TEEC_CloseSession	1
0x1eab2f9a	TEEC_FinalizeContext	1
0x4c96b8bb	TEEC_InitializeContext	1
0x7f65e7b6	TEEC_InvokeCommand	1
0xbca5b811	TEEC_OpenSession	1
0x12641630	__ClearPageMovable	1
0xba0d0a4a	__SetPageMovable	1
0x4f0b3b26	___pskb_trim	1
0x1d24c881	___ratelimit	23
0xb1736077	__alloc_disk_node	1
0xcfd14bde	__alloc_pages_nodemask	4
0x949f7342	__alloc_percpu	1
0xaf793668	__alloc_percpu_gfp	1
0xbcf85bc0	__alloc_skb	4
0xaf507de1	__arch_copy_from_user	31
0x6b2941b2	__arch_copy_to_user	14
0x50f85302	__arm_smccc_hvc	2
0xf93aae46	__arm_smccc_smc	17
0xc8bca6d2	__blk_mq_debugfs_rq_show	1
0x2cd90edd	__cfi_slowpath	85
0x88db9f48	__check_object_size	24
0x13a54ed5	__class_create	17
0x2e9469a2	__class_register	3
0x554e334d	__clk_get_hw	2
0xc569d8ce	__clk_get_name	4
0xc6a4a872	__clk_is_enabled	3
0xeae3dfd6	__const_udelay	49
0xac594e02	__cpu_online_mask	16
0xde7ece30	__cpu_possible_mask	14
0xb3055449	__cpu_present_mask	1
0x63547718	__cpuhp_remove_state	4
0x57ad17e9	__cpuhp_setup_state	5
0xe21d8f58	__cpuhp_state_add_instance	2
0x6753e8cf	__cpuhp_state_remove_instance	2
0x5a44f8cb	__crypto_memneq	1
0xa3f12f69	__crypto_xor	1
0x0c0fc177	__dev_get_by_index	1
0xc87c29e6	__dev_kfree_skb_any	1
0x38193182	__devm_iio_device_register	3
0xdf8c0f37	__devm_of_phy_provider_register	3
0x480c136b	__devm_regmap_init	4
0xd60bcef6	__devm_regmap_init_i2c	1
0x50b03fb9	__devm_regmap_init_spmi_ext	1
0xedb7b09a	__devm_reset_control_get	3
0x3614bb84	__drm_atomic_helper_crtc_destroy_state	1
0xd76e03e0	__drm_atomic_helper_crtc_duplicate_state	1
0x242c00f8	__drm_atomic_helper_plane_destroy_state	1
0xaf878c6b	__drm_atomic_helper_plane_duplicate_state	1
0xb9cad492	__drm_atomic_state_free	1
0xec12af74	__drm_dbg	1
0xb11ac7a7	__drm_err	1
0x5a095c99	__free_pages	6
0x6a5cb5ee	__get_free_pages	2
0xc2a656d9	__get_task_comm	2
0xf389fe60	__hw_addr_init	1
0x865029ac	__hw_addr_sync	1
0x3e9110fa	__hw_addr_unsync	1
0x122a9634	__iio_device_register	1
0xf5a94b83	__init_rwsem	3
0x608741b5	__init_swait_queue_head	12
0xd9a5ea54	__init_waitqueue_head	17
0x6b4b2933	__ioremap	8
0x73d2ee76	__irq_domain_add	6
0x139f2189	__kfifo_alloc	1
0xdb760f52	__kfifo_free	1
0xf23fcb99	__kfifo_in	2
0xbd462b55	__kfifo_init	1
0x4578f528	__kfifo_to_user	2
0xeb233a45	__kmalloc	34
0x4616a1da	__kthread_init_worker	4
0x68f31cbd	__list_add_valid	35
0xe1537255	__list_del_entry_valid	29
0x3c3fce39	__local_bh_enable_ip	1
0x6980ea4b	__log_post_read_mmio	45
0xcf1211a8	__log_read_mmio	45
0x31dfd5cd	__log_write_mmio	43
0xf77555cd	__memcpy_toio	1
0x18b48e28	__memset_io	2
0x96c21ce0	__module_get	1
0x7f02188f	__msecs_to_jiffies	14
0x574add77	__mutex_init	47
0x250f3ecf	__netdev_alloc_skb	2
0xeebb47bf	__netlink_kernel_create	2
0x420964e3	__nla_parse	1
0x431ec3a9	__nla_validate	1
0xce13b725	__nlmsg_put	2
0xc60d0620	__num_online_cpus	2
0x00336a06	__page_pinner_migration_failed	1
0x280f9f14	__per_cpu_offset	11
0xec40655f	__percpu_down_read	1
0x503a285e	__platform_driver_register	107
0xf92ad4a6	__platform_register_drivers	2
0xa9941a8b	__pm_relax	19
0xa7c8e259	__pm_runtime_disable	8
0x871df5fa	__pm_runtime_idle	12
0x8637ac5d	__pm_runtime_resume	14
0x5ec1d781	__pm_runtime_set_status	2
0xd8ed0ca2	__pm_runtime_suspend	1
0x0ac3099d	__pm_runtime_use_autosuspend	2
0x2a3901ee	__pm_stay_awake	19
0x852c3cd1	__pskb_pull_tail	2
0x092e9bac	__put_net	1
0x1022e36e	__put_page	1
0x9a80f9a6	__put_task_struct	3
0x8d522714	__rcu_read_lock	7
0x2469810f	__rcu_read_unlock	7
0x04482cdb	__refrigerator	2
0xbb0a7735	__register_chrdev	3
0x50ab5bd6	__regmap_init	1
0xd0d156e9	__rht_bucket_nested	1
0xfd8cab20	__rtc_register_device	1
0x43c24350	__scsi_execute	1
0x74c832ea	__scsi_iterate_devices	1
0x7c9ca58f	__sg_page_iter_next	1
0xccd4c999	__sg_page_iter_start	1
0xc21ad650	__skb_get_hash	1
0x74a47aef	__skb_gso_segment	1
0xb1e88e54	__sock_create	1
0x5b3cd8fc	__spi_alloc_controller	1
0x8957f882	__spi_register_driver	1
0x5d6222e3	__spmi_driver_register	1
0x98a9d10c	__stack_chk_fail	155
0x8f678b07	__stack_chk_guard	155
0x57674fd7	__sw_hweight16	2
0x74c134b9	__sw_hweight32	2
0x9f46ced8	__sw_hweight64	6
0xdc3fcbc9	__sw_hweight8	2
0x38e2b43d	__task_pid_nr_ns	2
0x9d2ab8ac	__tasklet_schedule	5
0x54e1dee3	__tracepoint_android_vh_check_bpf_syscall	1
0xbc70be66	__tracepoint_android_vh_check_file_open	1
0x7bbb2a05	__tracepoint_android_vh_check_mmap_file	1
0x8defd009	__tracepoint_android_vh_commit_creds	1
0xaf358872	__tracepoint_android_vh_exit_creds	1
0x7907ef49	__tracepoint_android_vh_iommu_iovad_alloc_iova	1
0x86c1e3b3	__tracepoint_android_vh_iommu_iovad_free_iova	1
0x8bf980ca	__tracepoint_android_vh_logbuf	1
0xb3a8654d	__tracepoint_android_vh_meminfo_proc_show	2
0x01bc96ca	__tracepoint_android_vh_mmc_attach_sd	1
0x28c3f8b2	__tracepoint_android_vh_mmc_blk_reset	1
0xad02c3d3	__tracepoint_android_vh_mmc_gpio_cd_irqt	1
0x20d4dd3b	__tracepoint_android_vh_override_creds	1
0xbedc98e0	__tracepoint_android_vh_revert_creds	1
0xb42396d1	__tracepoint_android_vh_selinux_avc_insert	1
0x09abb4e2	__tracepoint_android_vh_selinux_avc_lookup	1
0x5a44b21a	__tracepoint_android_vh_selinux_avc_node_delete	1
0x39c08aef	__tracepoint_android_vh_selinux_avc_node_replace	1
0x7d722d35	__tracepoint_android_vh_selinux_is_initialized	1
0x7bd9cdab	__tracepoint_android_vh_set_memory_nx	1
0x6b661329	__tracepoint_android_vh_set_memory_ro	1
0xe97d8b70	__tracepoint_android_vh_set_memory_rw	1
0x1ea419dd	__tracepoint_android_vh_set_memory_x	1
0x9792c470	__tracepoint_android_vh_set_module_permit_after_init	1
0xda191171	__tracepoint_android_vh_set_module_permit_before_init	1
0x4520b6b9	__tracepoint_android_vh_show_mem	2
0xdc96142a	__tracepoint_android_vh_sound_usb_support_cpu_suspend	1
0x6d6c7e35	__tracepoint_android_vh_ufs_compl_command	1
0xd20543e7	__tracepoint_android_vh_ufs_send_command	1
0xee023024	__tracepoint_android_vh_ufs_send_tm_command	1
0x8016b1df	__tracepoint_android_vh_ufs_send_uic_command	1
0x83db248c	__tracepoint_musb_g_giveback	1
0x2ec22553	__tracepoint_musb_gadget_disable	1
0x174fd127	__tracepoint_musb_gadget_enable	1
0xaa201545	__tracepoint_musb_host_urb_giveback	1
0x19ebf04e	__tracepoint_rwmmio_post_read	45
0xa035d76e	__tracepoint_rwmmio_read	45
0x95575c33	__tracepoint_rwmmio_write	43
0x9e7d6bd0	__udelay	4
0x6bc3fbc0	__unregister_chrdev	3
0xf1969a8e	__usecs_to_jiffies	1
0x3eeb2322	__wake_up	19
0x56470118	__warn_printk	10
0x11089ac7	_ctype	2
0x3199a1ef	_dev_emerg	1
0x5ed4c6ae	_dev_err	78
0x8eff6041	_dev_info	59
0xefae1c39	_dev_notice	35
0xbc7a4422	_dev_warn	10
0x9c866d1d	_gate_ic_backlight_set	1
0x944361ff	_lcm_i2c_write_bytes	8
0xfe8c61f0	_raw_read_lock	1
0xb1342cdb	_raw_read_lock_irqsave	1
0x889b1370	_raw_read_trylock	1
0xdd4d55b6	_raw_read_unlock	1
0xdf2ebb87	_raw_read_unlock_irqrestore	1
0xba8fbd64	_raw_spin_lock	23
0x0c3690fc	_raw_spin_lock_bh	3
0x8427cc7b	_raw_spin_lock_irq	3
0x34db050b	_raw_spin_lock_irqsave	40
0xfef216eb	_raw_spin_trylock	2
0xb5b54b34	_raw_spin_unlock	23
0xe46021ca	_raw_spin_unlock_bh	3
0x4b750f53	_raw_spin_unlock_irq	3
0xd35cce70	_raw_spin_unlock_irqrestore	40
0xe68efe41	_raw_write_lock	1
0x5021bd81	_raw_write_lock_irqsave	1
0x40235c98	_raw_write_unlock	1
0xeb078aee	_raw_write_unlock_irqrestore	1
0x944375db	_totalram_pages	1
0xc22864a7	_trace_android_vh_record_pcpu_rwsem_starttime	1
0x6c1d25ab	access_process_vm	2
0x781ff1c0	adapter_dev_get_cap	2
0x50270116	adapter_dev_get_output	1
0xd0dc75eb	adapter_dev_get_property	4
0x56b1680f	adapter_dev_get_status	1
0x901abaa3	adapter_dev_set_cap	2
0xf904722a	adapter_device_register	1
0x03f0aa60	adapter_device_unregister	1
0x65744673	add_timer	2
0x9c6febfc	add_uevent_var	1
0x4afb2238	add_wait_queue	1
0xa795dc09	adjust_managed_page_count	1
0xa2aed337	aee_get_mode	1
0x164a2d15	aee_is_enable	1
0x29c37d82	aee_is_printk_too_much	6
0x45b60059	aee_kernel_exception_api_func	5
0xdb976d85	aee_kernel_warning_api_func	9
0xda882b0c	aee_rr_reboot_reason_show	1
0x2ae9361a	aee_rr_rec_check	1
0xbe8c4b26	aee_rr_rec_hang_detect_timeout_count	1
0xfdfa56a8	aee_rr_rec_kick	1
0x47fc61bb	aee_rr_rec_wdk_ktime	1
0x1042fbe5	aee_rr_rec_wdk_systimer_cnt	1
0x17fa4179	aee_sram_fiq_log	1
0xc9dddfcd	aee_sram_printk	1
0x536e1fa7	alarm_cancel	3
0x1fbe3658	alarm_init	5
0x111d2777	alarm_start	3
0xfeb6361a	alarm_start_relative	2
0xf3295ffe	alarm_try_to_cancel	1
0x32b04e72	alloc_anon_inode	1
0xe3ec2f2b	alloc_chrdev_region	4
0x4b0dbb7e	alloc_io_pgtable_ops	1
0x281e7f55	alloc_netdev_mqs	1
0xdf9208c0	alloc_workqueue	18
0x9fd75310	android_debug_symbol	2
0x66e0c8e3	anon_inode_getfd	1
0xcda97337	ao_secure_dbg_switch_by_atf	2
0xcd47fcc4	arc4_crypt	1
0x2bb32ad1	arc4_setkey	1
0x14b89635	arm64_const_caps_ready	70
0xaf56600a	arm64_use_ng_mappings	12
0xf5f370e0	async_schedule_node	1
0xd3752c27	atomic_notifier_call_chain	5
0x2b9997fb	atomic_notifier_chain_register	6
0x7181db30	atomic_notifier_chain_unregister	5
0x4c357f64	autok_msdc_tx_setting	1
0x20f470a6	autok_path_sel	1
0xad73041f	autoremove_wake_function	1
0x697dcf6e	aw_retry_src_caps	1
0x08cc3f77	battery_get_profile_id	1
0x263c3152	bcmp	4
0x90992d2c	bdget_disk	1
0x71c1c88e	bdput	1
0xe51834bf	bio_add_page	1
0xe8adb2d0	bio_alloc_bioset	1
0xfadd82c6	bio_associate_blkg	1
0x3650836f	bio_chain	1
0x56256b2f	bio_endio	1
0x98add6c6	bio_init	1
0x4e359aa9	bio_put	1
0xf8d07858	bitmap_from_arr32	1
0xf474c21c	bitmap_print_to_pagebuf	1
0x0f01c658	blk_alloc_queue	1
0xbf99f1f1	blk_cleanup_queue	1
0x4e51dbae	blk_mq_debugfs_rq_show	1
0x7d191424	blk_mq_free_request	1
0x019af450	blk_mq_sched_request_inserted	1
0x17afa218	blk_mq_sched_try_insert_merge	1
0x54a4d172	blk_mq_sched_try_merge	1
0xbde48987	blk_queue_flag_clear	1
0x0e98ba6c	blk_queue_flag_set	1
0xbb3aeb71	blk_queue_io_min	1
0x1e2da57b	blk_queue_io_opt	1
0xf082423e	blk_queue_logical_block_size	1
0x8d08d30f	blk_queue_max_discard_sectors	1
0x570de6a7	blk_queue_max_write_zeroes_sectors	1
0x352b39d1	blk_queue_physical_block_size	1
0xdb479145	blk_sec_stats_account_exit	1
0x7c79b2db	blk_sec_stats_account_init	1
0x43b8c5cb	blk_sec_stats_account_io_done	1
0x84502a47	blk_status_to_errno	1
0xffb4345b	blkcg_activate_policy	1
0x95e0f7e4	blkcg_deactivate_policy	1
0x2679bfca	blkcg_policy_register	1
0xf3d8b077	blkcg_policy_unregister	1
0xd1cca611	blkcg_root	1
0x1aa5f837	blkdev_get_by_dev	2
0xc8dd823c	blkdev_put	2
0x56d57f6e	blkg_lookup_slowpath	1
0x8317ad7c	blocking_notifier_call_chain	11
0xbb0c86a5	blocking_notifier_chain_register	11
0x963aa2a9	blocking_notifier_chain_unregister	11
0xcf614139	bootingtime_lk	1
0x7fba889e	bootingtime_preloader	1
0xafc9bb32	bootprof_log_boot	1
0x3ebcf954	bpf_trace_run1	6
0x9936d863	bpf_trace_run10	1
0xf7daba4e	bpf_trace_run2	6
0xdb36dd4a	bpf_trace_run3	4
0xca4e8460	bpf_trace_run4	3
0xaa4eb664	bpf_trace_run5	3
0x3d2d7978	bpf_trace_run6	2
0x8e3b213e	bpf_trace_run7	1
0x1879fcbd	bridge_tunnel_header	1
0xcbd12fd2	bus_set_iommu	1
0x28aa6a67	call_rcu	1
0xda571594	cancel_delayed_work	5
0xf8beca97	cancel_delayed_work_sync	12
0xd969d6f4	cancel_work_sync	6
0x2e6debbe	cdev_add	4
0xe2d07004	cdev_alloc	1
0x9e1bac16	cdev_del	3
0x95613f30	cdev_init	3
0x47feec88	cfg80211_abandon_assoc	1
0xbf0d21e7	cfg80211_assoc_timeout	1
0x7040ce47	cfg80211_auth_timeout	1
0x84e605dc	cfg80211_cac_event	1
0x15a37cf3	cfg80211_calculate_bitrate	1
0x7c04a552	cfg80211_ch_switch_notify	1
0xe9afd501	cfg80211_ch_switch_started_notify	1
0x3d8e5894	cfg80211_chandef_compatible	1
0xef265f27	cfg80211_chandef_create	1
0x8b2ce24f	cfg80211_chandef_dfs_required	1
0xcaa0146f	cfg80211_chandef_usable	1
0x2a5d816f	cfg80211_chandef_valid	1
0xfcbb8c68	cfg80211_check_combinations	1
0xa57df256	cfg80211_check_station_change	1
0x26e21b82	cfg80211_classify8021d	1
0xe21ebfa5	cfg80211_control_port_tx_status	1
0x606a6d4c	cfg80211_cqm_beacon_loss_notify	1
0xa2d000cc	cfg80211_cqm_pktloss_notify	1
0x3759f2b6	cfg80211_cqm_rssi_notify	1
0x148cb80e	cfg80211_del_sta_sinfo	1
0x9d6cba30	cfg80211_find_elem_match	1
0xeadfe024	cfg80211_free_nan_func	1
0x3a63d1bc	cfg80211_get_bss	1
0xb96412b0	cfg80211_get_drvinfo	1
0xf5596d89	cfg80211_get_p2p_attr	1
0x77684f21	cfg80211_gtk_rekey_notify	1
0xdf239b7f	cfg80211_ibss_joined	1
0xe97efa4c	cfg80211_iftype_allowed	1
0x6fc51b51	cfg80211_inform_bss_frame_data	1
0xcc1a7c48	cfg80211_is_element_inherited	1
0xe1d1eaf8	cfg80211_iter_combinations	1
0x117aca91	cfg80211_merge_profile	1
0x6c5f9bf5	cfg80211_mgmt_tx_status	1
0x5f4d63da	cfg80211_michael_mic_failure	1
0x39bac0fc	cfg80211_nan_func_terminated	1
0xae02d056	cfg80211_nan_match	1
0xf01b72dc	cfg80211_new_sta	1
0xe34cbcf2	cfg80211_probe_status	1
0xc2a311b8	cfg80211_put_bss	1
0xe9f61718	cfg80211_radar_event	1
0x3f482687	cfg80211_ready_on_channel	1
0x220d6472	cfg80211_ref_bss	1
0x03880859	cfg80211_reg_can_beacon	1
0x8785fc4d	cfg80211_reg_can_beacon_relax	1
0xdf903a43	cfg80211_remain_on_channel_expired	1
0xf33c2425	cfg80211_report_obss_beacon_khz	1
0x1f99948b	cfg80211_report_wowlan_wakeup	1
0xba2b4d2a	cfg80211_rx_assoc_resp	1
0x3482175a	cfg80211_rx_control_port	1
0x57dfa00e	cfg80211_rx_mgmt_khz	1
0x5654acf0	cfg80211_rx_mlme_mgmt	1
0x9599078b	cfg80211_rx_spurious_frame	1
0x801de8bb	cfg80211_rx_unexpected_4addr_frame	1
0x6c3d6742	cfg80211_rx_unprot_mlme_mgmt	1
0x9890d055	cfg80211_scan_done	1
0x5e504522	cfg80211_sched_scan_results	1
0x44a9d82e	cfg80211_sched_scan_stopped	1
0x5c709341	cfg80211_sched_scan_stopped_rtnl	1
0x4d6daad4	cfg80211_send_layer2_update	1
0xfdd17b35	cfg80211_shutdown_all_interfaces	1
0x4e634e0b	cfg80211_sinfo_alloc_tid_stats	1
0x11bbcd6d	cfg80211_sta_opmode_change_notify	1
0x0bb8de6f	cfg80211_stop_iface	1
0xdb49bc14	cfg80211_tdls_oper_request	1
0x1a1b2651	cfg80211_tx_mgmt_expired	1
0xd29a461f	cfg80211_tx_mlme_mgmt	1
0x60086fcb	cfg80211_unlink_bss	1
0x78912f9f	cfg80211_unregister_wdev	1
0x582f8ba6	charger_dev_do_event	1
0x428acc90	charger_dev_dump_registers	2
0x8c2f49bf	charger_dev_enable	6
0x85b62112	charger_dev_enable_6pin_battery_charging	4
0x9870a440	charger_dev_enable_cable_drop_comp	2
0x860ac1bb	charger_dev_enable_chip	4
0x72371956	charger_dev_enable_discharge	1
0x47a2591c	charger_dev_enable_port_charging	1
0x1dab464b	charger_dev_enable_powerpath	2
0x8ce882b3	charger_dev_enable_safety_timer	1
0xef6cf253	charger_dev_enable_termination	3
0x22b454eb	charger_dev_get_adc	1
0x3adaaa8a	charger_dev_get_charging_current	6
0xdfa6be20	charger_dev_get_constant_voltage	1
0x339fd298	charger_dev_get_hvdcp_status	1
0x05076e72	charger_dev_get_ibus	3
0xeeffc5fc	charger_dev_get_input_current	3
0xd25a8d81	charger_dev_get_min_charging_current	4
0xa026f546	charger_dev_get_min_input_current	4
0xde675d07	charger_dev_get_mivr	2
0x1ae35490	charger_dev_get_mivr_state	3
0x0ed382da	charger_dev_get_shipmode	1
0x2aed8298	charger_dev_get_temperature	1
0x233e164e	charger_dev_get_vbus	6
0x5f181c72	charger_dev_get_zcv	1
0x42dedc33	charger_dev_is_charging_done	1
0x9c4ed5e0	charger_dev_is_chip_enabled	4
0xb2ae0c38	charger_dev_is_enabled	4
0xca02bd26	charger_dev_is_port_charging_enabled	1
0x3b126e1c	charger_dev_is_powerpath_enabled	1
0xcb375213	charger_dev_is_safety_timer_enabled	1
0xa1dfeb54	charger_dev_kick_wdt	1
0x68e2eed7	charger_dev_notify	1
0x39246522	charger_dev_plug_in	1
0xaf1787cb	charger_dev_plug_out	1
0x15f8128b	charger_dev_reset_eoc_state	1
0xca5807b0	charger_dev_reset_ta	3
0x0c1843d6	charger_dev_run_aicl	1
0xb6f59297	charger_dev_safety_check	3
0x730692d7	charger_dev_send_ta20_current_pattern	1
0xc18f1503	charger_dev_send_ta_current_pattern	1
0x7a19aa14	charger_dev_set_charging_current	6
0x6c1034f8	charger_dev_set_constant_voltage	6
0x98afc43b	charger_dev_set_eoc_current	3
0x25132a8c	charger_dev_set_input_current	6
0x48150a0d	charger_dev_set_mivr	6
0x94130280	charger_dev_set_pe20_efficiency_table	1
0x654227d7	charger_dev_set_shipmode	1
0xcb8a1955	charger_device_register	4
0x41b6895e	charger_device_unregister	1
0x2607982f	chg_alg_device_register	5
0x2a094b52	chg_alg_get_prop	1
0x631d137f	chg_alg_init_algo	1
0x9edd19cb	chg_alg_is_algo_ready	1
0x5054f5cd	chg_alg_is_algo_running	1
0x08030151	chg_alg_notifier_call	1
0x8bc70031	chg_alg_set_current_limit	1
0x24635727	chg_alg_set_prop	1
0x1332c03b	chg_alg_start_algo	1
0x9f0fef1e	chg_alg_state_to_str	1
0x3ffc01c8	chg_alg_stop_algo	1
0x12f940e0	chr_get_debug_level	1
0xaed3d17e	class_destroy	13
0x05754957	class_find_device	6
0xd2b0e789	class_for_each_device	1
0x1030b692	class_unregister	3
0x3d7066be	clk_buf_voter_ctrl_by_id	1
0x479f7d4b	clk_bulk_disable	1
0xec68ba70	clk_bulk_enable	1
0xeafe07b8	clk_bulk_prepare	1
0x63c08029	clk_bulk_unprepare	1
0xf42c0e6d	clk_chk_dev_pm_ops	1
0x34544029	clk_dbg_driver_register	1
0xb6e6d99d	clk_disable	27
0x4ed3c288	clk_divider_ops	1
0x815588a6	clk_enable	28
0x5442693f	clk_gate_ops	1
0x63150e06	clk_get_parent	3
0x556e4390	clk_get_rate	8
0xb62ec837	clk_hw_get_name	1
0xcc8b1059	clk_hw_get_num_parents	1
0x1f649fb1	clk_hw_get_parent	1
0xd5226df3	clk_hw_get_parent_by_index	1
0xc579ba2d	clk_hw_get_rate	1
0x3aa8fe71	clk_hw_is_enabled	1
0x6bbd50a6	clk_hw_is_prepared	2
0x3348edd8	clk_mux_ops	1
0x60091316	clk_notifier_register	1
0x7c9a7371	clk_prepare	28
0x584b0b18	clk_register	1
0xf591b225	clk_register_composite	1
0x2093f4dd	clk_register_divider_table	1
0xf4e26a8a	clk_register_fixed_factor	1
0x1594f658	clk_register_fixed_rate	1
0x2396c7f0	clk_set_parent	6
0x76d9b876	clk_set_rate	4
0xb077e70a	clk_unprepare	28
0x34d01ede	cmd_hist_disable	1
0xc9cc8982	cmdq_clear_event	1
0x7dc9cf98	cmdq_dev_get_event	1
0xdeb1f3ed	cmdq_dump_pkt	1
0x85292f1d	cmdq_get_vcp_buf	1
0x09408b20	cmdq_mbox_buf_alloc	2
0x2b403f5a	cmdq_mbox_channel_stop	1
0x538b411f	cmdq_mbox_create	2
0x5971a01b	cmdq_mbox_destroy	1
0xe1d5b76c	cmdq_mbox_disable	2
0xfc102d94	cmdq_mbox_enable	2
0x00196e07	cmdq_mbox_get_usage	1
0xf0a64874	cmdq_mbox_set_thread_timeout	1
0x1365d4be	cmdq_mbox_stop	1
0x45d0d5f0	cmdq_pkt_add_cmd_buffer	1
0x68502937	cmdq_pkt_assign_command	2
0x6ae16bba	cmdq_pkt_assign_command_reuse	1
0x351327ea	cmdq_pkt_clear_event	2
0xb66fe200	cmdq_pkt_cond_jump_abs	2
0x08f84969	cmdq_pkt_copy	1
0xf6eee72b	cmdq_pkt_create	2
0x5c44437e	cmdq_pkt_destroy	2
0x100833c8	cmdq_pkt_dump_buf	1
0xcea10526	cmdq_pkt_eoc	1
0xf61a092c	cmdq_pkt_finalize_loop	1
0x73560e1a	cmdq_pkt_flush	1
0x04e534c5	cmdq_pkt_flush_async	2
0x5925a46f	cmdq_pkt_flush_threaded	1
0xe5c5d77e	cmdq_pkt_get_pa_by_offset	2
0x467b6224	cmdq_pkt_get_perf_ret	1
0x56e798eb	cmdq_pkt_get_va_by_offset	2
0xd05c9d9c	cmdq_pkt_jump_addr	1
0x506a25b9	cmdq_pkt_logic_command	2
0xc0c6a041	cmdq_pkt_mem_move	1
0x9eae1327	cmdq_pkt_poll	1
0xce0589e0	cmdq_pkt_poll_addr	1
0x3e21e1db	cmdq_pkt_poll_timeout	1
0x6311a2ad	cmdq_pkt_read	1
0x35319341	cmdq_pkt_read_addr	1
0x3a4dbfc0	cmdq_pkt_readback	1
0xdb508acd	cmdq_pkt_refinalize	2
0x81ba194e	cmdq_pkt_reuse_buf_va	1
0x987c51b8	cmdq_pkt_reuse_poll	1
0xbd7ce164	cmdq_pkt_set_event	2
0xffa4152e	cmdq_pkt_sleep	1
0x470b446f	cmdq_pkt_vcp_reuse_val	1
0x283cbc6e	cmdq_pkt_wait_complete	1
0xf7532bc2	cmdq_pkt_wait_no_clear	2
0x52ca68e6	cmdq_pkt_wfe	2
0x83a20b9f	cmdq_pkt_write	2
0x8390c1a0	cmdq_pkt_write_reg_addr	1
0x4cd24a33	cmdq_pkt_write_reg_indriect	1
0xbc0474b1	cmdq_pkt_write_value_addr	1
0x79968a32	cmdq_pkt_write_value_addr_reuse	1
0x97cbbc02	cmdq_register_device	2
0x63e58c0e	cmdq_reuse_refresh	1
0x169b777e	cmdq_set_outpin_event	1
0x059d297c	cmdq_thread_dump	2
0xb142d154	cmdq_thread_set_spr	1
0xd24e746d	cmdq_util_enable_disp_va	1
0xf95cc9b1	cmdq_util_error_save	1
0xd09d620a	cmdq_util_error_save_lst	1
0x86ce8797	cmdq_util_get_first_err_mod	1
0x188e924c	cmdq_util_prebuilt_dump	1
0x941a2387	cmdq_util_prebuilt_init	2
0x6abfd345	cmdq_util_set_fp	1
0x50309be5	cmdq_vcp_enable	1
0xa6257a2f	complete	11
0x93d6dd8c	complete_all	1
0x26cc73c3	complete_and_exit	1
0xa76d9111	component_add	3
0x6bd9a214	component_add_typed	1
0xecf2f2c3	component_bind_all	3
0x8a44ba45	component_del	3
0xde57ffe2	component_master_add_with_match	3
0x5b2a7703	component_master_del	3
0xdc8a5b30	component_match_add_release	2
0x88e23131	component_match_add_typed	1
0x9178093b	component_unbind_all	3
0xdb09248f	config_ep_by_speed	2
0xabedbe94	config_group_init_type_name	3
0x04822584	console_drivers	1
0x0366307a	console_suspend_enabled	1
0xdc88620f	consume_skb	2
0xa714dd23	contig_page_data	1
0x4531ab62	copy_from_kernel_nofault	1
0xd994ecee	cpu_all_bits	1
0x62ad2053	cpu_bit_bitmap	4
0x4d0015e2	cpu_hotplug_disable	1
0xf6c8dc62	cpu_hotplug_enable	1
0xec2fc692	cpu_hwcap_keys	70
0x8b9f70c7	cpu_hwcaps	32
0x589e1a22	cpu_latency_qos_add_request	6
0x3aaa15b2	cpu_latency_qos_remove_request	3
0xdc528096	cpu_latency_qos_update_request	5
0x7a2af7b4	cpu_number	17
0xefeb0f57	cpufreq_cpu_get	4
0x7557e528	cpufreq_cpu_put	2
0x25ac6def	cpufreq_generic_attr	1
0xc289e46d	cpufreq_generic_frequency_table_verify	1
0x7c46233a	cpufreq_quick_get	1
0xfad536a0	cpufreq_register_driver	1
0x65d9e877	cpufreq_register_notifier	1
0x8e4dfc1c	cpufreq_unregister_driver	1
0x816a41ca	cpufreq_update_limits	1
0x83928ce0	cpumask_any_but	1
0x92ad1db9	cpumask_next	13
0xa04f945a	cpus_read_lock	2
0x18fb2caf	cpus_read_unlock	2
0xaf7ac19b	cqhci_deactivate	1
0xfcc334ce	cqhci_init	1
0x7057f06e	cqhci_irq	1
0x4df02057	crc32_be	1
0x69dd3b5b	crc32_le	3
0xe2aae5cc	crc8	1
0xaa8106bc	crc8_populate_msb	1
0x779a7b20	create_function_device	1
0x9c9a3b33	crypto_aead_decrypt	1
0x1306f7ab	crypto_aead_encrypt	1
0x25fdb1f7	crypto_aead_setauthsize	1
0x4513d353	crypto_aead_setkey	1
0xcf8e5211	crypto_alloc_aead	1
0xbb720070	crypto_alloc_base	1
0x714c001e	crypto_alloc_shash	3
0x9b78c94c	crypto_alloc_skcipher	1
0xa5028ec1	crypto_comp_compress	1
0x23431639	crypto_comp_decompress	1
0x77b204ab	crypto_destroy_tfm	4
0x951a2773	crypto_has_alg	1
0xbb92ee9b	crypto_shash_digest	1
0x18115c4c	crypto_shash_final	2
0x013300b3	crypto_shash_finup	1
0x6e7e1d3c	crypto_shash_setkey	2
0x4d2d32e1	crypto_shash_update	3
0xd5f7efde	crypto_skcipher_decrypt	1
0x3446b42a	crypto_skcipher_encrypt	1
0x44461210	crypto_skcipher_setkey	1
0xa073b9e2	css_next_descendant_pre	1
0x2e72ceb5	d_path	2
0x82b308e8	debugfs_create_dir	8
0x63ef7ca7	debugfs_create_file	8
0x299f72da	debugfs_lookup	2
0x5243bc7e	debugfs_remove	4
0x2d83714e	debugfs_rename	1
0xae15f73e	dec_zone_page_state	1
0xe730994c	deferred_free	1
0xe3e8ddf2	del_gendisk	1
0xaa4008af	del_timer	4
0xf15e728e	del_timer_sync	3
0x253af43d	delayed_work_timer_fn	20
0x8c03d20c	destroy_workqueue	8
0x6dfd7d3c	dev_alloc_name	1
0x5e67ce0f	dev_change_net_namespace	1
0xc0ace41f	dev_close	2
0x4fdece8c	dev_driver_string	2
0x8949766d	dev_err_probe	1
0x21ce3ed1	dev_fetch_sw_netstats	1
0x56a118a1	dev_fwnode	2
0xf0549a82	dev_get_by_index	1
0x0c850f9a	dev_get_regmap	12
0x68d5114b	dev_pm_genpd_add_notifier	3
0xca9125a9	dev_pm_opp_add	1
0x59b90419	dev_pm_opp_find_freq_ceil	4
0x7604f3ff	dev_pm_opp_find_freq_floor	1
0xc3424a7c	dev_pm_opp_get_freq	1
0xdfac9e0c	dev_pm_opp_get_level	1
0xbb35711e	dev_pm_opp_get_opp_count	2
0x4d9ba879	dev_pm_opp_get_voltage	4
0x78e27b3f	dev_pm_opp_of_add_table	4
0xe695dd5e	dev_pm_opp_put	5
0x58d2164f	dev_pm_opp_remove_all_dynamic	1
0xa2ef36e7	dev_printk	1
0xfd08e9b6	dev_queue_xmit	1
0xb02b15cb	dev_set_name	7
0xd833d7d8	devfreq_recommended_opp	1
0x0b254b19	devfreq_remove_device	1
0x6cd6b72e	device_add	1
0xe15f3633	device_add_disk	1
0x20f92f09	device_create	12
0xe3aa3619	device_create_file	17
0x0053616f	device_create_with_groups	1
0x68b544a3	device_del	2
0xa15d438d	device_destroy	9
0xf6a0b021	device_get_child_node_count	2
0x911620d9	device_get_match_data	1
0x78214f53	device_get_next_child_node	2
0x6994009e	device_init_wakeup	10
0xfcf513bb	device_initialize	1
0x092babff	device_link_add	5
0x2b61e2af	device_link_remove	1
0x70bcd326	device_property_present	3
0x73fee19d	device_property_read_string	1
0x3e7bc22f	device_property_read_u32_array	6
0xbd9d04d2	device_register	6
0x164eb7f6	device_remove_file	8
0x1bcd693c	device_rename	2
0x5ca6b646	device_set_of_node_from_dev	1
0x4c863dd4	device_unregister	6
0x85c9e5c2	devm_blk_ksm_init	1
0x7d75dacf	devm_clk_bulk_get_optional	1
0x36d574de	devm_clk_get	24
0x18c817ed	devm_clk_get_optional	3
0xfba8befb	devm_clk_register	1
0xa11123ba	devm_devfreq_add_device	1
0x4ad3bb1e	devm_extcon_dev_allocate	2
0x73940530	devm_extcon_dev_register	2
0xa7ab16c4	devm_extcon_register_notifier	1
0xf34a3657	devm_extdev_io_device_register	1
0x2269b80c	devm_free_irq	2
0x08908fa5	devm_fwnode_pwm_get	1
0x42f1b276	devm_gpio_request	3
0x030062a8	devm_gpiochip_add_data_with_key	1
0x2b64bf51	devm_gpiod_get	10
0x7e37641e	devm_gpiod_get_index	9
0x00d96311	devm_gpiod_get_optional	2
0xd825ff99	devm_gpiod_put	9
0xf9f177af	devm_hwrng_register	1
0x94acda2b	devm_i2c_new_dummy_device	1
0x4c58767b	devm_iio_channel_get	4
0x355bb534	devm_iio_channel_get_all	2
0xcf93e481	devm_iio_device_alloc	4
0x8495a401	devm_iio_triggered_buffer_setup	1
0x3871fd85	devm_input_allocate_device	2
0x1dc7fa5f	devm_ioremap	9
0x33d29b07	devm_ioremap_resource	18
0x08ae120c	devm_kasprintf	5
0x0d604c3f	devm_kfree	12
0x08e2fd0c	devm_kmalloc	92
0x78e191fd	devm_led_classdev_register_ext	1
0x6d4083fd	devm_led_classdev_unregister	1
0x285a2912	devm_mbox_controller_register	1
0x40e625b5	devm_mfd_add_devices	2
0xcde59441	devm_nvmem_device_get	1
0x0a35079c	devm_nvmem_register	1
0x42b7abe0	devm_of_phy_get_by_index	2
0xcf1001c0	devm_of_platform_populate	3
0x6797d82d	devm_phy_create	3
0x8016a6c4	devm_phy_get	1
0xaa48f219	devm_pinctrl_get	3
0x3aaaebf4	devm_pinctrl_register_and_init	1
0x58c8c88b	devm_platform_get_and_ioremap_resource	1
0xbbd62b47	devm_platform_ioremap_resource	8
0xd760ae88	devm_power_supply_get_by_phandle	8
0x6f34f37a	devm_power_supply_register	4
0xd99d2acd	devm_reboot_mode_register	1
0xbd12fd56	devm_regmap_field_alloc	3
0xb7debf78	devm_regulator_get	8
0xfae4f5ac	devm_regulator_get_exclusive	2
0x743dff5c	devm_regulator_get_optional	3
0x337f7986	devm_regulator_put	1
0x9212e3ba	devm_regulator_register	7
0xc662d6aa	devm_regulator_register_notifier	2
0x442fd9d5	devm_regulator_unregister_notifier	2
0xfa8a5bb0	devm_request_threaded_irq	30
0x952c99e9	devm_reset_controller_register	2
0x2bedc5ef	devm_rtc_allocate_device	1
0x07f02af8	devm_spi_register_controller	1
0xd648bc74	devm_usb_get_phy	1
0x56a6e251	devm_watchdog_register_device	1
0x215b8cfc	devres_add	4
0x54915ecc	devres_alloc_node	4
0xe93e49c3	devres_free	4
0xf06d8a99	devres_release	1
0x3ce4ca6f	disable_irq	10
0x27bbf221	disable_irq_nosync	11
0xd878db6e	disk_end_io_acct	1
0xad8f9fc2	disk_start_io_acct	1
0xff8e54c1	dma_alloc_attrs	4
0x9a9dd4b1	dma_async_device_register	2
0x3dbec7e0	dma_async_device_unregister	2
0x23e1a5b7	dma_async_tx_descriptor_init	2
0x23ce83ac	dma_buf_attach	1
0x71f605a9	dma_buf_begin_cpu_access	1
0x78ec79c1	dma_buf_detach	1
0xd1764430	dma_buf_end_cpu_access	1
0xfb1bfabb	dma_buf_export	1
0x6a6d5fb3	dma_buf_get	2
0x20d2f8c3	dma_buf_map_attachment	1
0x98c2b0fc	dma_buf_put	2
0x0e1506dd	dma_buf_unmap_attachment	1
0xb6a444cd	dma_buf_vmap	2
0x90a8a2dc	dma_buf_vunmap	2
0x14605535	dma_fence_context_alloc	1
0xdd8166a1	dma_fence_free	1
0x16dee44d	dma_fence_init	1
0xe123f3d9	dma_fence_release	3
0x731c4a9c	dma_fence_signal	1
0x3d02cd70	dma_fence_signal_locked	1
0x8455e3a7	dma_fence_signal_timestamp_locked	1
0x98c039dc	dma_fence_wait_timeout	1
0x9cb025a4	dma_free_attrs	4
0x1e0d911f	dma_get_sgtable_attrs	1
0xeb4f0f24	dma_heap_add	1
0x7b7a1346	dma_heap_get_dev	1
0xed3a3cb3	dma_heap_get_name	1
0x020f420a	dma_map_page_attrs	2
0x90b51f72	dma_map_sg_attrs	4
0x29933d95	dma_mmap_attrs	1
0x678b96ec	dma_pool_alloc	1
0xd14f14ff	dma_pool_create	1
0xb5aa7165	dma_pool_destroy	1
0x2f7754a8	dma_pool_free	1
0x47f0d9e4	dma_resv_wait_timeout_rcu	1
0x0bca31aa	dma_run_dependencies	1
0xbdc9a589	dma_set_coherent_mask	5
0x77561cbf	dma_set_mask	8
0xa5aafd87	dma_sync_sg_for_cpu	1
0x0b175f0a	dma_sync_sg_for_device	1
0x2441982e	dma_sync_single_for_cpu	1
0x25386806	dma_sync_single_for_device	1
0xc30b6f92	dma_unmap_page_attrs	2
0x335a4cc9	dma_unmap_sg_attrs	3
0x98a4e351	dmabuf_page_pool_alloc	1
0xc7ca016b	dmabuf_page_pool_create	1
0xa1f4f3d0	dmabuf_page_pool_destroy	1
0xeadbf1fd	dmabuf_page_pool_free	1
0xabfad8bd	dmam_alloc_attrs	1
0xc952f2fb	dmam_free_coherent	1
0x6626afca	down	6
0x81b395b3	down_interruptible	3
0x3355da1c	down_read	3
0x88f5cdef	down_read_trylock	1
0xfc7e2596	down_trylock	1
0x28ed2847	down_write	3
0x96850bba	dput	2
0x44456275	driver_create_file	5
0xfc33b996	driver_remove_file	1
0xc6a256d1	driver_unregister	2
0x7d0fa88f	drm_add_edid_modes	1
0xf7b722ee	drm_add_modes_noedid	1
0x192fa797	drm_atomic_add_affected_connectors	1
0xa76de001	drm_atomic_get_crtc_state	1
0x8035deeb	drm_atomic_helper_check	1
0xa3783ed4	drm_atomic_helper_check_plane_state	1
0xbc09dd84	drm_atomic_helper_cleanup_planes	1
0xe969e23b	drm_atomic_helper_commit_modeset_disables	1
0x2b4c9445	drm_atomic_helper_commit_modeset_enables	1
0x38239f8c	drm_atomic_helper_commit_planes	1
0xe6d59451	drm_atomic_helper_connector_destroy_state	1
0xeea9f2a1	drm_atomic_helper_connector_duplicate_state	1
0x5e272558	drm_atomic_helper_connector_reset	1
0xeece5313	drm_atomic_helper_disable_plane	1
0x3192d76b	drm_atomic_helper_legacy_gamma_set	1
0x61b66004	drm_atomic_helper_page_flip	1
0xf56309ca	drm_atomic_helper_prepare_planes	1
0x0c747d3d	drm_atomic_helper_resume	1
0x145f15dd	drm_atomic_helper_set_config	1
0x7aa68d7a	drm_atomic_helper_shutdown	1
0x65b87eba	drm_atomic_helper_suspend	1
0x66f32272	drm_atomic_helper_swap_state	1
0xa62bf016	drm_atomic_helper_update_plane	1
0xb9fc92ac	drm_atomic_helper_wait_for_vblanks	1
0xd00898f6	drm_atomic_state_clear	1
0x2a575bf1	drm_atomic_state_default_release	1
0xe4a0b81e	drm_atomic_state_init	1
0xf8a297ce	drm_bridge_attach	1
0xee888bc0	drm_calc_timestamping_constants	1
0x2f97225f	drm_compat_ioctl	1
0x012c63a8	drm_connector_attach_encoder	1
0xd3e3f411	drm_connector_cleanup	1
0x11e8efe7	drm_connector_init	1
0xdf4223aa	drm_connector_update_edid_property	1
0x25025f17	drm_crtc_cleanup	1
0xfdc29af8	drm_crtc_handle_vblank	1
0x0d29180a	drm_crtc_init_with_planes	1
0x50d3ef86	drm_crtc_send_vblank_event	1
0x802f7a1e	drm_crtc_vblank_get	1
0x016ff6b0	drm_crtc_vblank_off	1
0x96d944c5	drm_crtc_vblank_on	1
0x0cc2c561	drm_crtc_vblank_put	1
0xd7f7f9cb	drm_dev_alloc	1
0x02f056a6	drm_dev_put	1
0xe262632f	drm_dev_register	1
0xf96ba9c2	drm_dev_unregister	1
0xfe9f72f3	drm_display_mode_to_videomode	1
0x33ac8734	drm_dp_aux_init	1
0xf07c00c0	drm_dp_aux_register	1
0xedcf81ce	drm_dp_channel_eq_ok	1
0x8d701329	drm_dp_clock_recovery_ok	1
0xe5286b02	drm_dp_dpcd_read	1
0xa5c8abd4	drm_dp_dpcd_write	1
0x48b62a57	drm_dp_link_train_channel_eq_delay	1
0xa6ff9496	drm_dp_link_train_clock_recovery_delay	1
0x47f985aa	drm_edid_duplicate	1
0xc324efb9	drm_edid_to_sad	1
0x98ab4f21	drm_encoder_cleanup	1
0xca553146	drm_encoder_init	1
0xf826786c	drm_format_info	1
0xf4767609	drm_framebuffer_cleanup	1
0x16f8b1a4	drm_framebuffer_init	1
0x952fea4d	drm_framebuffer_lookup	1
0xcd9b2538	drm_framebuffer_remove	1
0x7a22aac0	drm_gem_cma_vm_ops	1
0xfc72ba40	drm_gem_create_mmap_offset	1
0xe0ceca01	drm_gem_dumb_destroy	1
0x2e99166e	drm_gem_handle_create	1
0x5c41545a	drm_gem_handle_delete	1
0xc9971e27	drm_gem_mmap	1
0x67f71ba6	drm_gem_mmap_obj	1
0xd680a377	drm_gem_object_free	1
0xfbd8430c	drm_gem_object_init	1
0x9c50c70b	drm_gem_object_lookup	1
0x47bafdc8	drm_gem_object_release	1
0x6b0723bf	drm_gem_prime_export	1
0xa898adb5	drm_gem_prime_fd_to_handle	1
0xe509f9ec	drm_gem_prime_handle_to_fd	1
0xbc9448e4	drm_gem_prime_import	1
0x9ab89937	drm_gem_private_object_init	1
0x7b40d560	drm_gem_vm_close	1
0xef2571f9	drm_get_edid	1
0x4e095f11	drm_get_format_name	1
0x11617bf8	drm_helper_hpd_irq_event	1
0xe96a4426	drm_helper_mode_fill_fb_struct	1
0x19f9f577	drm_helper_probe_single_connector_modes	1
0x9ec8fb1e	drm_ioctl	1
0xcb066c4a	drm_is_current_master	1
0x0e04d7b9	drm_kms_helper_poll_disable	1
0x5513e9c2	drm_kms_helper_poll_enable	1
0x29084663	drm_kms_helper_poll_fini	1
0xaa25bb33	drm_kms_helper_poll_init	1
0x6b2a8376	drm_mode_config_cleanup	1
0xd7b26e13	drm_mode_config_reset	1
0x9ce050be	drm_mode_copy	1
0x15ced808	drm_mode_crtc_set_gamma_size	1
0xf457c7f9	drm_mode_duplicate	9
0x5a07411a	drm_mode_object_find	1
0x37c0a8bd	drm_mode_object_put	1
0x0d7e54fb	drm_mode_probed_add	9
0x4575a0ca	drm_mode_set_crtcinfo	1
0x4a35d30d	drm_mode_set_name	9
0xf1b5340a	drm_mode_vrefresh	9
0xa0bf9ddc	drm_object_attach_property	1
0x4ceab6a7	drm_open	1
0xeacb5bb2	drm_panel_add	8
0xffd760a2	drm_panel_disable	1
0x9863de77	drm_panel_enable	1
0x045e5cb8	drm_panel_get_modes	1
0xdfd57ea6	drm_panel_init	8
0xd01c0c9a	drm_panel_prepare	1
0x8a1c4969	drm_panel_remove	8
0x9a7e7bca	drm_panel_unprepare	1
0xadc65b16	drm_plane_cleanup	1
0x7b227ad9	drm_poll	1
0x7cac31ca	drm_prime_gem_destroy	1
0x11152d5f	drm_property_blob_put	1
0xca6b1aea	drm_property_create_blob	1
0x574cd639	drm_property_create_range	1
0x16e56081	drm_property_lookup_blob	1
0xe0db97f8	drm_read	1
0x331ce3aa	drm_release	1
0xa44e20c1	drm_universal_plane_init	1
0xac2edca8	drm_vblank_init	1
0x68b29b25	drm_writeback_connector_init	1
0xea164e56	drm_writeback_queue_job	1
0x908a1865	drm_writeback_signal_completion	1
0x93227e53	drmm_mode_config_init	1
0xfe5887b6	dump_backtrace	1
0x6b2dc060	dump_stack	6
0x04cb2fae	dvfsrc_get_required_opp_peak_bw	3
0x6d68e325	elevator_alloc	1
0x7cb51b56	elv_bio_merge_ok	1
0xd9f7891e	elv_rb_add	1
0x58cd1230	elv_rb_del	1
0xb4e100f6	elv_rb_find	1
0xa79f8e06	elv_rb_former_request	1
0x9d3db8c7	elv_rb_latter_request	1
0x5ad87c4d	elv_register	1
0x13202795	elv_rqhash_add	1
0xf7313ca0	elv_rqhash_del	1
0x706340da	elv_unregister	1
0x042c9a04	em_cpu_get	1
0x9b761c25	em_dev_register_perf_domain	1
0xd0c05159	emergency_restart	1
0xbcff2b20	emimpu_ap_region_init	1
0x341b636c	emmc_execute_autok	1
0xfcec0987	enable_irq	15
0xe708de11	eth_mac_addr	1
0x1197a552	eth_type_trans	2
0xdab095a6	ether_setup	1
0xa030bbd1	ethtool_op_get_link	1
0x7c087dd1	event_triggers_call	11
0x81b79cd8	extcon_get_edev_by_phandle	1
0x652bbe55	extcon_get_state	1
0xafb7a5e0	extcon_set_state_sync	2
0x650c2e7b	extdev_io_device_unregister	1
0x23f6655a	failure_tracking	1
0x7dbab506	fd_install	1
0xa4ad516f	file_path	1
0xe92b8d30	filp_close	1
0x74a419b1	filp_open_block	1
0xdca62649	find_get_pid	1
0xb6a68816	find_last_bit	1
0xc0a3d105	find_next_bit	8
0x479c3c86	find_next_zero_bit	4
0x20a5414f	find_panel_ctx	8
0x9e08fe72	find_panel_ext	9
0x72576fdc	find_pid_ns	1
0x02f92131	find_task_by_vpid	1
0x92540fbf	finish_wait	18
0xcb0082ac	flush_dcache_page	1
0x1148c0ea	flush_delayed_work	1
0x4735ac17	flush_work	7
0x42160169	flush_workqueue	3
0xaf91ac31	fmeter_set_ops	1
0x09c8eb55	font_vga_8x16	1
0x058c6377	for_each_kernel_tracepoint	9
0xc0598939	fput	1
0xc1514a3b	free_irq	7
0x4f21dc78	free_netdev	1
0x4302d0eb	free_pages	2
0xc9ec4e21	free_percpu	2
0x9b4ab3e7	freezing_slow_path	2
0x28498a88	freq_qos_add_request	3
0x894967be	freq_qos_remove_request	2
0x2eec24ef	freq_qos_update_request	3
0xb160638d	freq_reg_info	1
0x855d0cea	fs_bio_set	1
0xd1a3e8e0	fsg_common_create_luns	1
0x1b585045	fsg_common_set_cdev	1
0x6acb4179	fsg_common_set_inquiry_string	1
0x7e26d4a5	fsg_common_set_sysfs	1
0xab6c68ac	fsg_config_from_params	1
0xb089cf22	fsync_bdev	1
0x6a4af073	fwnode_handle_put	2
0x98d630d4	fwnode_property_read_string	1
0xc4b43a7c	fwnode_property_read_u32_array	1
0xba904856	g_board_id_status	1
0x4279d9f2	g_smart_wakeup_flag	6
0x4e3aa73a	g_usb_connected_unconfigured	1
0xea124bd1	gcd	1
0x4e6eb722	gce_mminfra	2
0x99fd4b53	gce_shift_bit	2
0xe2aa8e76	generic_file_llseek	5
0x7ceaf0d5	generic_handle_irq	2
0x5603b84d	generic_iommu_put_resv_regions	1
0x9f9bb237	genl_register_family	1
0x78e4183e	genl_unregister_family	1
0xd8dc60d3	genlmsg_multicast_allns	1
0x7674c6a1	genlmsg_put	1
0xcdedb19b	get_adapter_by_name	4
0xf7cff945	get_charger_by_name	7
0xbde7ea2b	get_chg_alg_by_name	1
0xc9e0f27d	get_cpu_device	1
0x9fe899b7	get_cpu_idle_time	1
0x7b9793a2	get_cpu_idle_time_us	1
0x1234e483	get_cpu_iowait_time_us	1
0x54f79951	get_device	3
0xd3af17a6	get_md1_power	1
0x8581ad8e	get_net_ns_by_fd	1
0x2a89f3fd	get_net_ns_by_pid	1
0x99a6c364	get_otg_notify	1
0xc9abf683	get_peri_iommu_id	1
0xd15a2984	get_pid_task	1
0xd906f587	get_power_state	1
0x79aa04a2	get_random_bytes	3
0xd36dc10c	get_random_u32	1
0xfa54a0d7	get_task_exe_file	1
0xa378a2f4	get_task_mm	2
0xa843805a	get_unused_fd_flags	1
0x8151d0b3	get_user_pages_remote	1
0x80e6f323	get_volumedown_state	1
0x4b0a3f52	gic_nonsecure_priorities	35
0xfe990052	gpio_free	1
0x47229b5c	gpio_request	6
0x403f9529	gpio_request_one	1
0x2c531865	gpio_to_desc	13
0x64370fe3	gpiochip_add_data_with_key	1
0x55a9ebb2	gpiochip_generic_free	1
0xb87c0c9f	gpiochip_generic_request	1
0x60fe6854	gpiochip_get_data	3
0x1af638e6	gpiochip_lock_as_irq	1
0x918a23c0	gpiochip_unlock_as_irq	1
0xc72c995d	gpiod_cansleep	1
0x1a93828e	gpiod_direction_input	7
0x3efd4fdd	gpiod_direction_output	1
0x63baf885	gpiod_direction_output_raw	4
0x9a7402a8	gpiod_get_raw_value	9
0x07ee96f3	gpiod_get_raw_value_cansleep	1
0x6606192c	gpiod_get_value	1
0x0421f2ad	gpiod_get_value_cansleep	1
0xfbc84afe	gpiod_set_raw_value	1
0x11b0ee03	gpiod_set_value	9
0xf8677ec1	gpiod_set_value_cansleep	1
0x0a471896	gpiod_to_irq	10
0x33bfdca2	gserial_alloc_line	1
0xa3cbf4f3	gserial_connect	1
0x15087bcb	gserial_disconnect	1
0x500977d4	gxy_bat_set_afc_result	1
0xed45cd46	gxy_bat_set_batterytype	1
0x8c5d9b2d	gxy_bat_set_chginfo	3
0xc791a8c6	gxy_bat_set_hv_disable	1
0x6409dcc0	gxy_bat_set_tcpcinfo	3
0x7bc1695b	gxy_send_src_caps	1
0xbde7e94b	gxy_usb_get_pdhub_flag	2
0x9af055a3	gxy_usb_set_pdhub_flag	3
0xff474c0c	gxy_usb_set_usbccflag	2
0xee0968d4	handle_level_irq	3
0x549525ef	handle_nested_irq	5
0x965d5fce	handle_simple_irq	1
0x0ecd991f	hrtimer_active	1
0xcc69bd8c	hrtimer_cancel	2
0x3ebd5214	hrtimer_init	5
0x939fc2ef	hrtimer_start_range_ns	5
0xef93df4b	hrtimer_try_to_cancel	2
0x2f7a2d31	i2c_add_adapter	1
0x77f802e3	i2c_del_adapter	1
0x8f471ada	i2c_del_driver	10
0x42041512	i2c_get_dma_safe_msg_buf	1
0x4dae16e4	i2c_put_dma_safe_msg_buf	1
0x4f72f07e	i2c_register_driver	10
0xae87eb36	i2c_smbus_read_byte_data	2
0x5b8aa93e	i2c_smbus_read_i2c_block_data	4
0x610b7c49	i2c_smbus_write_byte_data	4
0x32b7680d	i2c_smbus_write_i2c_block_data	4
0xc2dfd5f7	i2c_smbus_xfer	1
0x0f184be6	i2c_transfer	2
0xb86fd3a1	i2c_transfer_buffer_flags	4
0x631a9eb2	i2c_unregister_device	2
0xe52348cf	icc_link_create	1
0x02d2921b	icc_node_add	1
0x615b7a5c	icc_node_create	1
0x9da87229	icc_node_del	1
0xc58a3ee6	icc_node_destroy	1
0x8dab94a6	icc_provider_add	1
0x3c41c63b	icc_provider_del	1
0x3cdad6c5	icc_set_bw	4
0x194ac533	icc_sync_state	1
0xe7a02573	ida_alloc_range	2
0xa7d5f92e	ida_destroy	1
0xffb7c514	ida_free	2
0xb8f11603	idr_alloc	4
0x8e17b3ae	idr_destroy	2
0x20978fb9	idr_find	4
0x1d40b6f3	idr_for_each	2
0xc57c48a3	idr_get_next	2
0x7665a95b	idr_remove	4
0x5f050beb	ieee80211_amsdu_to_8023s	1
0x0e7f4a43	ieee80211_bss_get_elem	1
0xb73aafb1	ieee80211_chandef_to_operating_class	1
0xc1b99792	ieee80211_channel_to_freq_khz	1
0xd23ce56a	ieee80211_data_to_8023_exthdr	1
0x6bedf402	ieee80211_freq_khz_to_channel	1
0x02016da9	ieee80211_get_channel_khz	1
0x7ef39823	ieee80211_hdrlen	1
0x275269b3	ieee80211_ie_split_ric	1
0x1356ab28	ieee80211_mandatory_rates	1
0xc5dcacef	ieee80211_operating_class_to_band	1
0xac97a207	ieee80211_radiotap_iterator_init	1
0x46312808	ieee80211_radiotap_iterator_next	1
0x27efff25	ieee80211_s1g_channel_width	1
0x5a6afe15	iio_alloc_pollfunc	1
0x2134bb3a	iio_buffer_init	1
0x72a50826	iio_buffer_put	1
0x35b59c88	iio_channel_get	1
0xd7c406eb	iio_channel_release	1
0x2c27d423	iio_dealloc_pollfunc	1
0x427eae61	iio_device_attach_buffer	1
0xaec1e446	iio_device_unregister	1
0xbb47c899	iio_get_time_ns	1
0x02842517	iio_kfifo_allocate	1
0xe4b7f72d	iio_kfifo_free	1
0x5f3d694b	iio_push_to_buffers	1
0xec9926ee	iio_read_channel_attribute	1
0x4e863092	iio_read_channel_processed	7
0x7fdcbbc0	iio_read_channel_raw	2
0x32c17b35	iio_trigger_notify_done	1
0x620ed178	inc_zone_page_state	1
0x31082ef5	inet_csk_get_port	1
0xc427c067	init_net	3
0xb0730485	init_pseudo	1
0x7ac276ce	init_scp	1
0xb1307de2	init_task	4
0x79cf5987	init_timer_key	24
0x442f2b95	init_uts_ns	2
0xfe487975	init_wait_entry	18
0x1edc8012	input_close_device	1
0x3b938c8d	input_event	2
0x2e513500	input_open_device	1
0xff775d7a	input_register_device	2
0xc984ee62	input_register_handle	1
0xac72b90e	input_register_handler	1
0x5bfaa8d0	input_set_capability	1
0xdf5b2f63	input_unregister_device	1
0xf5a2012a	input_unregister_handle	1
0x0af40724	iommu_alloc_resv_region	1
0xcc8b1822	iommu_device_register	1
0xf0e147e0	iommu_device_sysfs_add	1
0x664bcf31	iommu_device_sysfs_remove	1
0x793e0685	iommu_device_unregister	1
0x98bb9c36	iommu_fwspec_add_ids	1
0x9d615d17	iommu_fwspec_free	1
0xf55e2664	iommu_get_dma_cookie	1
0xf078061e	iommu_get_domain_for_dev	1
0x8d22bb58	iommu_group_alloc	1
0x4d6d0bbc	iommu_group_ref_get	1
0x2ed2f8f1	iommu_iova_to_phys	1
0x34fa718f	iommu_present	2
0xddf3ef3c	iommu_put_dma_cookie	1
0xedc03953	iounmap	2
0xf3e64fe1	iput	1
0xb7983b27	irq_create_mapping_affinity	1
0x2c7db649	irq_dispose_mapping	2
0x53833461	irq_domain_remove	5
0xd460cbd6	irq_domain_simple_ops	1
0xed997340	irq_domain_xlate_onetwocell	3
0xc7783f5b	irq_domain_xlate_twocell	2
0x30897ed2	irq_find_mapping	6
0xd67517d1	irq_get_irq_data	3
0x1d222ced	irq_get_irqchip_state	1
0x7522f3ba	irq_modify_status	7
0xcc23d1e5	irq_of_parse_and_map	8
0x2a7b4b03	irq_set_affinity_hint	3
0x89122253	irq_set_chained_handler_and_data	1
0x72a8f399	irq_set_chip	3
0x0bf5d553	irq_set_chip_and_handler_name	4
0x20a789ac	irq_set_chip_data	6
0x0bc477a2	irq_set_irq_type	1
0xce2840e7	irq_set_irq_wake	17
0xdc6596fa	irq_set_parent	3
0x45355328	irq_to_desc	4
0xdb1c636e	is_dcm_initialized	1
0x2e73e6ef	is_debug_level_low	1
0x7ebb0cdc	is_iommu_sec_on_mtee	1
0xc39b2362	is_valid_reg	1
0xe843752f	is_vcp_ready_ex	1
0xc31db0ce	is_vmalloc_addr	4
0x15ba50a6	jiffies	19
0x37befc70	jiffies_to_msecs	6
0x7f24de73	jiffies_to_usecs	3
0xa6f6226c	kasan_flag_enabled	6
0xfb384d37	kasprintf	4
0xc679d809	kern_mount	1
0x5ec05ca1	kern_unmount	1
0xb58aeaab	kernel_cpustat	1
0xbe169a2d	kernel_kobj	4
0x43b3dc0d	kernel_param_lock	1
0x7df70e51	kernel_param_unlock	1
0xf184d189	kernel_power_off	3
0x1e7bbcb3	kernel_restart	3
0xa9fd43f3	kernfs_find_and_get_ns	2
0xb205d117	kernfs_notify	1
0xd152ded2	kernfs_path_from_node	1
0xc26db68c	kernfs_put	1
0xfe1d2e94	key_create_or_update	1
0xa855c37d	key_put	1
0x4a6752f7	keyring_alloc	1
0x037a0cba	kfree	69
0xf474fdcb	kfree_const	2
0xd0760fc0	kfree_sensitive	2
0x6f594009	kfree_skb	2
0x5fd428fe	kfree_skb_list	1
0xab16b734	kill_anon_super	1
0xb2ead97c	kimage_vaddr	2
0xe4bbc1dd	kimage_voffset	7
0x8900b200	kmalloc_caches	63
0xb8b9f817	kmalloc_order_trace	13
0x4ba1ee76	kmem_cache_alloc	2
0xb38391e9	kmem_cache_alloc_trace	63
0x612f3d20	kmem_cache_create	2
0xae4b2889	kmem_cache_destroy	2
0xd419eeb6	kmem_cache_free	2
0x66b4cc41	kmemdup	2
0xb3f548ad	kmemdup_nul	1
0x177f5d51	kobject_create_and_add	3
0x91b9ec8d	kobject_put	2
0x8948c619	kobject_uevent	3
0x229a20fd	kobject_uevent_env	7
0xb1e12d81	krealloc	2
0x38869d88	kstat	1
0x2d39b0a7	kstrdup	3
0x365e7911	kstrdup_const	2
0x9eacf8a5	kstrndup	4
0xe0875eb1	kstrtobool	2
0x2276db98	kstrtoint	13
0x23c9891c	kstrtoint_from_user	1
0x779a18af	kstrtoll	5
0x7b0192da	kstrtou16	1
0x46045dd7	kstrtou8	1
0x69ad2f20	kstrtouint	10
0xfcb926cd	kstrtouint_from_user	1
0x3c80c06c	kstrtoull	14
0x54245b39	kstrtoull_from_user	1
0x18af30df	kthread_bind	2
0x04408b30	kthread_bind_mask	1
0xac14d997	kthread_blkcg	1
0xd9aa98a4	kthread_create_on_node	21
0x00a37f00	kthread_destroy_worker	1
0xae6080fa	kthread_flush_worker	2
0x7c009f61	kthread_park	1
0xc643be43	kthread_queue_work	4
0x79defbe1	kthread_should_park	1
0xb3f7646e	kthread_should_stop	11
0x2b7ddd11	kthread_stop	9
0x955b0e2e	kthread_worker_fn	4
0xb43f9365	ktime_get	27
0xbcc15e75	ktime_get_coarse_with_offset	1
0x9ec6ca96	ktime_get_real_ts64	6
0xa9320d27	ktime_get_seconds	1
0x5e515be6	ktime_get_ts64	6
0xc4f0da12	ktime_get_with_offset	6
0x7aa1756e	kvfree	4
0xbaf22757	kvfree_call_rcu	2
0x599fb41c	kvmalloc_node	2
0x2dd86642	lbat_user_register	2
0x79d1ae52	lbat_user_set_debounce	1
0xcba4abe3	list_sort	2
0x81b939ec	log_buf_addr_get	1
0xc98fa91b	log_buf_len_get	1
0x34e5628d	log_threaded_irq_wakeup_reason	1
0x8c5b346e	mbox_chan_received_data	1
0xa90e12d3	mbox_client_txdone	1
0x07e14d2c	mbox_controller_register	1
0x91ba3f34	mbox_controller_unregister	1
0x4abd0c35	mbox_free_channel	1
0xf7cdbd5a	mbox_request_channel	1
0xe941859b	mbox_send_message	1
0x4c894766	memblock_end_of_DRAM	1
0xa07a37f0	memchr	2
0x449ad0a7	memcmp	1
0x4829a47e	memcpy	38
0x9291cd3b	memdup_user	1
0x5a9f1d63	memmove	2
0x65e0d6d7	memory_read_from_buffer	2
0x27864d57	memparse	1
0x4d924f20	memremap	1
0xdcb764ad	memset	55
0xed8a2d95	memset64	1
0x9688de8b	memstart_addr	14
0xfbd4e41c	mipi_dsi_attach	8
0x486c3798	mipi_dsi_dcs_read	1
0x5232e23a	mipi_dsi_dcs_write_buffer	9
0xf6d5096e	mipi_dsi_detach	8
0xd2abbef6	mipi_dsi_driver_register_full	8
0x350a2bcf	mipi_dsi_driver_unregister	8
0xf15a6f66	mipi_dsi_generic_write	8
0x012f2e6f	mipi_dsi_host_register	1
0xedda5ce7	mipi_dsi_host_unregister	1
0xdcef2da4	misc_deregister	8
0x6331d19e	misc_register	9
0x0fb2f8a4	mktime64	1
0xa880e138	mmc_add_host	1
0x1ade7b26	mmc_alloc_host	1
0xd09be6b4	mmc_can_gpio_cd	1
0x67d30b1b	mmc_cmdq_disable	1
0x3d47233d	mmc_cmdq_enable	1
0xeae6cbe8	mmc_cqe_request_done	1
0x12ad0ff8	mmc_dbg_register	1
0xd9148399	mmc_detect_change	1
0xcee80cec	mmc_free_host	1
0xc99d67b1	mmc_get_card	1
0x302d9b76	mmc_gpio_get_cd	1
0xfdca5507	mmc_gpio_get_ro	1
0x2721c24b	mmc_hw_reset	1
0x8bdbdc38	mmc_mtk_biolog_check	2
0xb917c850	mmc_mtk_biolog_exit	1
0xc2ef5163	mmc_mtk_biolog_init	1
0x8523a726	mmc_mtk_biolog_send_command	2
0xa6d72dcc	mmc_mtk_biolog_transfer_req_compl	2
0x6107d599	mmc_of_parse	1
0xc9798951	mmc_put_card	1
0x0131f404	mmc_regulator_get_supply	1
0x698a75a0	mmc_regulator_set_ocr	1
0x48022310	mmc_regulator_set_vqmmc	1
0xc36939c3	mmc_remove_host	1
0x92acfde7	mmc_request_done	1
0xdc9e4181	mmc_rpmb_register	1
0x2d4e8591	mmc_set_data_timeout	1
0x4eba2317	mmc_switch	1
0xb6225276	mmc_wait_for_req	1
0x09d88427	mml_drm_get_context	1
0x01d6838d	mml_drm_put_context	1
0x7792bebf	mml_drm_query_cap	1
0x5bbf52c9	mml_drm_racing_config_sync	1
0x394fba87	mml_drm_racing_stop_sync	1
0x347b668b	mml_drm_split_info	1
0xee38039c	mml_drm_submit	1
0x7c3ed10b	mml_get_plat_device	1
0x899ea9dc	mmprofile_enable	4
0x560a0e63	mmprofile_enable_event_recursive	4
0xd77d7c9c	mmprofile_log_ex	4
0x44480f47	mmprofile_log_meta	1
0xd0c189d4	mmprofile_log_meta_bitmap	1
0xaa7dc2bb	mmprofile_log_meta_yuv_bitmap	1
0x7ffb1903	mmprofile_register_event	4
0xda38583a	mmprofile_start	4
0x825a3481	mmput	2
0xc4f47221	mod_delayed_work_on	4
0x72cd0f7f	mod_timer	5
0x7c24b32d	module_layout	202
0x2f166344	module_put	1
0xa7eda17c	mrdump_common_die	2
0xdd115996	mrdump_mini_add_extra_file	2
0x31d32c64	mrdump_mini_add_hang_raw	1
0x6327e210	mrdump_regist_hang_bt	1
0x5c8225c7	mrdump_set_extra_dump	3
0x5112a83f	msdc_dump_info	1
0x5397dfb6	msdc_init_tune_path	1
0x90d195d6	msdc_init_tune_setting	1
0xf9a482f9	msleep	30
0xcc5005fe	msleep_interruptible	2
0x277d2e1b	mt63xx_hw_set_value	1
0x0fb3cee4	mt_dcm_array_register	1
0xb5052784	mt_dcm_common_init	1
0xce550b6f	mt_get_fmeter_clks	1
0x3a9b085b	mt_get_fmeter_freq	1
0x14de1090	mt_irq_dump_status	1
0x0f6d4527	mt_leds_call_notifier	2
0xda281009	mt_leds_classdev_register	2
0xfbaac03c	mt_leds_parse_dt	2
0x8165f393	mtk_alloc_clk_data	1
0xc0ca7489	mtk_chg_enable_vbus_ovp	5
0x06675b40	mtk_clk_gate_ops_no_setclr	1
0x2488c920	mtk_clk_gate_ops_no_setclr_inv	2
0x96a73b64	mtk_clk_gate_ops_setclr	7
0x78fa7e63	mtk_clk_gate_ops_setclr_inv	1
0xcc3a88be	mtk_clk_register_composites	1
0xe875abe8	mtk_clk_register_factors	1
0xea89767c	mtk_clk_register_muxes	1
0x029ab774	mtk_clk_register_plls	1
0xafbab281	mtk_clk_simple_probe	10
0xe31d60e6	mtk_devapc_probe	1
0x2b73ba3f	mtk_devapc_remove	1
0x4b7239d2	mtk_disp_notifier_call_chain	1
0xcac92212	mtk_dma_buf_set_name	1
0x42f242bb	mtk_dramc_get_data_rate	1
0x82de2cf6	mtk_dramc_get_ddr_type	1
0x9f61238a	mtk_drm_gateic_set_backlight	1
0xe009d8dc	mtk_drm_get_lcm_version	1
0xc902a47c	mtk_dvfsrc_query_info	3
0x7cc53bf7	mtk_dvfsrc_send_request	4
0x51b8698f	mtk_emidbg_dump	1
0x0c3c0d32	mtk_hw_get_value	1
0xacd9a1c4	mtk_hw_set_value	1
0xde4fed14	mtk_icc_link_create	1
0xe6ca9f59	mtk_icc_node_add	1
0xeb65f3a8	mtk_icc_node_create	1
0x6d7deb75	mtk_icc_node_del	1
0xd6e12eba	mtk_icc_node_destroy	1
0xcc25d94d	mtk_icc_provider_add	1
0xfb799cc8	mtk_icc_provider_del	1
0x301133a9	mtk_icc_set_bw	2
0x3cb0e023	mtk_iommu_debug_reset	1
0x61bc7847	mtk_iommu_get_mau_config	1
0xfa5ae31f	mtk_iommu_get_port_name	1
0x9d1cf296	mtk_iommu_pm_trace	1
0x79146c3e	mtk_iommu_register_fault_callback	2
0xfbe64611	mtk_iommu_sec_bk_init_by_atf	2
0xc41530a5	mtk_iommu_sec_bk_irq_en_by_atf	2
0x41fd9201	mtk_iommu_secure_bk_backup_by_atf	2
0xca1843ca	mtk_iommu_secure_bk_restore_by_atf	2
0x64af7550	mtk_iommu_secure_bk_tf_dump	1
0x5f475efb	mtk_iommu_tlb_sync_trace	1
0xc4dc0ca2	mtk_iova_map	1
0x8a21331b	mtk_iova_map_dump	1
0x79faaec6	mtk_iova_unmap	1
0xe9e3da65	mtk_is_virt_gpio	1
0x28877eeb	mtk_leds_brightness_set	1
0x9d282f02	mtk_leds_register_notifier	2
0xf79d16ab	mtk_leds_unregister_notifier	2
0xe88582fd	mtk_mbox_check_send_irq	1
0x1e5cc3e3	mtk_mbox_dump_recv_pin	1
0x8297c1ac	mtk_mbox_polling	1
0x4921cdf6	mtk_mbox_reset_record	1
0x9c1f3bff	mtk_mbox_trigger_irq	1
0x6e2c27ee	mtk_mbox_write	1
0xd46d2158	mtk_mmdvfs_debug_release_step0	1
0xc0fbf29f	mtk_mmqos_get_avail_hrt_bw	1
0xc4834896	mtk_mmqos_probe	1
0xdb7ec430	mtk_mmqos_register_bw_throttle_notifier	1
0xa7fac33b	mtk_mmqos_remove	1
0x9bf8cbf4	mtk_mux_clr_set_upd_ops	1
0x4b04c0ef	mtk_mux_gate_clr_set_upd_ops	1
0xc4bdd02f	mtk_panel_detach	8
0x89a7fce5	mtk_panel_ext_create	8
0x9b2880b6	mtk_panel_remove	8
0x591f5867	mtk_panel_tch_handle_reg	8
0xd1636dea	mtk_paris_pinctrl_pm_ops	1
0x0dd1aa19	mtk_paris_pinctrl_probe	1
0x7f2a402f	mtk_pctrl_show_one_pin	1
0x83b0ce8a	mtk_pinconf_adv_drive_get	1
0xe1d6aef0	mtk_pinconf_adv_drive_set	1
0x6b99e4be	mtk_pinconf_bias_get_combo	1
0xd96d28de	mtk_pinconf_bias_set_combo	1
0xe01c75cb	mtk_pmic_homekey_status	1
0x09600a0b	mtk_pmic_pwrkey_status	1
0xf330796e	mtk_register_power_domains	1
0x9db1ebcc	mtk_rpmsg_create_channel	1
0xe235ffb6	mtk_rpmsg_create_device	1
0xf2274319	mtk_smi_check_comm_ref_cnt	1
0xffdf8d3e	mtk_smi_check_larb_ref_cnt	1
0xee6aa898	mtk_smi_common_bw_set	1
0x689f7bde	mtk_smi_dbg_hang_detect	3
0x7eb4f7d7	mtk_smi_dbg_register_notifier	2
0xd92031b9	mtk_smi_driver_register_notifier	1
0xdd9998f6	mtk_smi_dump_last_pd	1
0xec0dac4b	mtk_smi_init_power_off	1
0x652b7c12	mtk_smi_larb_bw_set	1
0x0cd51263	mtk_smi_larb_get	3
0x132bb2fe	mtk_smi_larb_put	3
0xa6b4f7d0	mtk_sync_fence_create	2
0xdec5777e	mtk_sync_timeline_create	2
0x39e54c23	mtk_sync_timeline_destroy	1
0x669e62ec	mtk_sync_timeline_inc	1
0x32d0d822	mtkfb_set_backlight_level	1
0xef35a08d	musb_dev_pm_ops	1
0xae2ecfa4	musb_init_controller	1
0x3e78419d	musb_remove	1
0xea82cd2d	musb_shutdown	1
0x3d6dd0aa	mutex_is_locked	4
0xeb9065d9	mutex_lock	68
0xf4124677	mutex_lock_interruptible	1
0x78c7940d	mutex_trylock	6
0xe8b268ae	mutex_unlock	68
0x78410393	napi_gro_receive	1
0x91e64970	net_ns_type_operations	1
0xf6ebc03b	net_ratelimit	1
0x46299167	netdev_err	1
0x756da890	netdev_info	1
0x6354abdb	netdev_set_default_ethtool_ops	1
0x5bda3b15	netif_carrier_off	1
0x07f2a14f	netif_carrier_on	1
0xdccd0e9b	netif_receive_skb	1
0x6b8bf149	netif_receive_skb_list	1
0x73f87d29	netif_rx	1
0x1ac5c37e	netif_rx_ni	1
0x013b7be4	netif_tx_stop_all_queues	1
0x868b628d	netif_tx_wake_queue	1
0xb34324ff	netlink_broadcast	1
0xfa599bb2	netlink_register_notifier	1
0xd402e883	netlink_unicast	3
0xdf54a8f7	netlink_unregister_notifier	1
0xcd279169	nla_find	1
0xf1db1704	nla_memcpy	1
0xcf65aa3a	nla_put	1
0x269a7faf	nla_put_64bit	1
0x96c6101e	nla_reserve	1
0xb8888b15	no_llseek	1
0x9f5afe9b	noop_llseek	1
0x017de3d5	nr_cpu_ids	16
0xcdca3691	nr_irqs	1
0x1e1e140e	ns_to_timespec64	6
0xffae8e8b	nsecs_to_jiffies	1
0x75dea444	nvmem_cell_get	2
0x85540ebc	nvmem_cell_put	2
0x99f018c4	nvmem_cell_read	2
0x475f10e8	nvmem_cell_read_u32	1
0x202d4ed6	nvmem_cell_write	1
0xb4fc4551	nvmem_device_get	1
0x8349a895	nvmem_device_put	1
0xc697b0f7	nvmem_device_read	2
0xf6ceff9a	of_address_to_resource	5
0x5110cd07	of_alias_get_id	2
0x2ceb7ac0	of_clk_add_provider	3
0x0879a6f7	of_clk_del_provider	1
0x78a4c178	of_clk_get	4
0xc7b5b50e	of_clk_get_by_name	2
0x0aaa2cff	of_clk_get_from_provider	1
0x50eb7fa5	of_clk_src_onecell_get	2
0xb4c76b57	of_clk_src_simple_get	1
0x39846f3f	of_count_phandle_with_args	7
0x032d03c7	of_cpu_node_to_id	1
0xf2a4ad58	of_css	1
0x882c7dd6	of_device_get_match_data	36
0x5cf87584	of_device_is_available	3
0xef4b763b	of_device_is_compatible	5
0x5d4ef795	of_dma_controller_free	2
0xec01ee07	of_dma_controller_register	2
0xff281b73	of_dma_xlate_by_chan_id	2
0xe901f6c5	of_drm_find_bridge	1
0x3c3784a8	of_drm_find_panel	1
0x30fcff58	of_find_backlight_by_node	8
0x65f9af5a	of_find_compatible_node	13
0x68bc512b	of_find_device_by_node	14
0x54cf30ec	of_find_matching_node_and_match	1
0x87f6e3eb	of_find_node_by_name	20
0x88582d55	of_find_node_by_phandle	1
0x986f7ca8	of_find_node_opts_by_path	14
0xea08eb76	of_find_node_with_property	1
0x6ca7c29e	of_find_property	31
0x736f884a	of_fwnode_ops	1
0x32dc7e12	of_genpd_add_device	1
0x8788137b	of_genpd_add_provider_onecell	1
0xb0ee738d	of_get_child_by_name	1
0x989b9369	of_get_cpu_node	1
0x982b7d12	of_get_named_gpio_flags	11
0x659b3c35	of_get_next_available_child	2
0x69601c70	of_get_next_child	4
0xf7c453f0	of_get_parent	8
0xad0a8a5a	of_get_property	19
0xd5fb2027	of_graph_get_next_endpoint	9
0xf87243b6	of_graph_get_remote_node	1
0xb66e8bc3	of_graph_get_remote_port_parent	9
0xcdb16f62	of_icc_get	4
0x201327c0	of_icc_xlate_onecell	1
0xdc33c5a9	of_iomap	13
0x49a88480	of_irq_get	2
0x938664fb	of_irq_parse_one	1
0xd31ccb06	of_machine_is_compatible	1
0x7576a4d9	of_match_device	4
0x488eb4e2	of_match_node	6
0xdd2d5834	of_mtk_icc_get	2
0x79746f10	of_parse_phandle	29
0x3cbbcd88	of_parse_phandle_with_args	3
0xd01477fb	of_parse_phandle_with_fixed_args	2
0x1d3d2daf	of_phandle_iterator_init	1
0x6a7d162c	of_phandle_iterator_next	1
0xa2094183	of_phy_simple_xlate	2
0x74cd6e1c	of_platform_device_create	1
0xe59e7d7b	of_platform_populate	1
0x1c9248ef	of_prop_next_string	3
0x7043d2c8	of_prop_next_u32	3
0x5f9e9913	of_property_count_elems_of_size	8
0x3ccde25c	of_property_match_string	4
0x9cf0dacc	of_property_read_string	25
0x7c02aadb	of_property_read_string_helper	5
0xa8a4448c	of_property_read_u32_index	10
0xac8a155e	of_property_read_u64	2
0xc8b2ce3e	of_property_read_variable_u16_array	3
0xfec2174f	of_property_read_variable_u32_array	67
0x19e37896	of_property_read_variable_u64_array	1
0x64cd05cd	of_property_read_variable_u8_array	1
0xb3795504	of_remove_property	1
0xea5339e4	of_reserved_mem_lookup	2
0xb1c3a01a	oops_in_progress	3
0xd65281f0	page_endio	1
0x5000845d	page_mapping	1
0xacfe4142	page_pinner_inited	1
0xf1e046cc	panic	7
0x07ceeac9	panic_notifier_list	2
0xaf81f891	param_array_ops	1
0x32a1a2ea	param_get_int	1
0x7e481f32	param_get_ulong	1
0x65671f08	param_ops_bool	10
0xd2728bc0	param_ops_charp	5
0xd8339549	param_ops_int	12
0x38611295	param_ops_long	1
0x1115f928	param_ops_uint	12
0xf57c7707	param_set_int	1
0x8ef527f6	param_set_ulong	1
0x48fb7437	pd_dbg_info	4
0xfd9d29d3	pd_dbg_info_lock	1
0x476a9d4e	pd_dbg_info_unlock	1
0xdb00ef1e	pdchk_common_init	1
0x7d648487	pdchk_dev_pm_ops	1
0xbcfefbf3	perf_event_create_kernel_counter	1
0x7d609757	perf_event_disable	1
0x085a0bc8	perf_event_enable	1
0x4ec8ccb5	perf_event_release_kernel	1
0x94d747c6	perf_event_update_userpage	1
0x1b568fd6	perf_pmu_migrate_context	1
0xf12439e8	perf_pmu_register	1
0x89615988	perf_pmu_unregister	1
0xcb8a6e1b	perf_trace_buf_alloc	11
0x707d45e8	perf_trace_run_bpf_submit	11
0x948af7ac	peri_tf_analyse	1
0x51e77c97	pfn_valid	2
0xc2c11ca4	phy_exit	1
0xa5bcda36	phy_get	2
0xa8ad088f	phy_init	1
0xfe622430	phy_power_off	3
0xb0d3fa35	phy_power_on	3
0xa9b84e64	phy_put	2
0x1a433760	phy_set_mode_ext	3
0x918779bc	pid_task	1
0x2de44628	pinconf_generic_parse_dt_config	1
0x71d59aa9	pinctrl_dev_get_drvdata	1
0x125ce930	pinctrl_enable	1
0x1bc5eebe	pinctrl_gpio_direction_input	1
0x1b8822d8	pinctrl_gpio_direction_output	1
0x79a35362	pinctrl_lookup_state	3
0xf6efcbc6	pinctrl_pm_select_default_state	1
0xd4f76d59	pinctrl_pm_select_sleep_state	1
0x5c39520d	pinctrl_select_state	3
0xfcc2c29f	pinctrl_utils_add_map_configs	1
0xace211b6	pinctrl_utils_free_map	1
0x219c2a85	pinctrl_utils_reserve_map	1
0xb1454ef1	platform_bus_type	5
0x04e90e03	platform_device_add	2
0x5f971f77	platform_device_add_data	1
0xd757224f	platform_device_add_resources	1
0xf477c34f	platform_device_alloc	2
0xe2e7afd8	platform_device_put	3
0x9862a92d	platform_device_register_full	6
0x0e8a28de	platform_device_unregister	5
0x329d9ae3	platform_driver_unregister	99
0xaf189c2c	platform_get_irq	16
0x2003709b	platform_get_irq_byname	7
0x6dabcb1e	platform_get_irq_byname_optional	1
0xcea9f3af	platform_get_irq_optional	1
0x2e29445c	platform_get_resource	22
0xc06cf568	platform_get_resource_byname	5
0xb047000d	platform_unregister_drivers	2
0x24d29ef8	pm_genpd_add_device	1
0x5119a0e4	pm_genpd_add_subdomain	2
0x610c4e73	pm_genpd_init	1
0x907876a9	pm_genpd_remove_device	1
0xffe8b403	pm_relax	4
0x8081ce78	pm_runtime_enable	13
0xed52c306	pm_runtime_force_resume	2
0xd69360d3	pm_runtime_force_suspend	2
0x065df4ea	pm_runtime_get_if_active	2
0x5b0864e7	pm_runtime_set_autosuspend_delay	2
0x687d2163	pm_stay_awake	4
0x8c0215f2	pm_system_wakeup	1
0xe92462a2	pm_wakeup_dev_event	1
0x8a25ae5d	pm_wakeup_ws_event	7
0x886d3ed1	power_supply_changed	9
0x0175ced1	power_supply_get_by_name	19
0xbbfcc83e	power_supply_get_drvdata	13
0xbb72d6b4	power_supply_get_property	15
0xa5939272	power_supply_put	2
0x136209db	power_supply_reg_notifier	4
0x62e6d81c	power_supply_register	2
0x7f689a84	power_supply_set_property	9
0xf08621c8	power_supply_unregister	2
0xa99b39c2	prandom_bytes	1
0xfda9581f	prandom_u32	1
0x43b0c9c3	preempt_schedule	7
0xf70e4a4d	preempt_schedule_notrace	10
0xd5fd90f1	prepare_to_wait	1
0x8c26d495	prepare_to_wait_event	18
0x167c5967	print_hex_dump	2
0xd76076cd	print_subsys_reg_mt6789	1
0xc5850110	printk	158
0x20fd21c6	proc_create	19
0xa79bc746	proc_create_data	7
0x18c67997	proc_mkdir	14
0x3650068f	proc_remove	7
0xbe2adf78	proc_set_size	2
0xcccf4a5e	proc_set_user	5
0xe83d4f5b	pskb_expand_head	1
0xbc44cef7	put_device	7
0x2f52bf01	put_disk	1
0xd3c5d4d0	put_pid	1
0xc8cd8f63	put_task_stack	2
0x3f4547a7	put_unused_fd	1
0x340b36c6	pwm_apply_state	1
0xfa8d80c7	pwmchip_add	1
0x7f033cef	pwmchip_remove	1
0xbf57e89e	queue_delayed_work_on	18
0x732ac580	queue_work_on	27
0xa851973a	raw_notifier_call_chain	2
0xdc9fa232	raw_notifier_chain_register	2
0xd06524ba	raw_notifier_chain_unregister	2
0x4d9b652b	rb_erase	3
0xece784c2	rb_first	1
0xa5526619	rb_insert_color	4
0xca9360b5	rb_next	3
0x60a13e90	rcu_barrier	1
0xa4c967b9	rcuwait_wake_up	1
0xc0923b25	rdev_get_dev	1
0xd2040a8b	rdev_get_drvdata	1
0x3be49688	rdev_get_id	1
0x0296695f	refcount_warn_saturate	11
0x4c028b7e	reg_loading_tracking_sp	1
0xf21978c0	register_adapter_device_notifier	1
0x71a50dbc	register_blkdev	1
0x436dd663	register_charger_device_notifier	1
0x94bcd8f4	register_chg_alg_notifier	1
0x644961e8	register_console	1
0x6c0a9213	register_devapc_vio_callback	2
0xb6261484	register_die_notifier	2
0x67e404ca	register_dlpt_notify	1
0x42d9c1e7	register_dvfsrc_debug_notifier	1
0x6cf1a828	register_hook_bootstat	1
0x60352082	register_inet6addr_notifier	1
0xf68285c0	register_inetaddr_notifier	1
0xc502eb6d	register_kprobe	1
0xa3f1c477	register_low_battery_notify	1
0x69e3e0d1	register_mmdvfs_notifier	1
0xf353a698	register_module_notifier	2
0x626b0d54	register_mrdump_reset_delay	1
0xc39e19e1	register_netdevice	1
0xd2da1048	register_netdevice_notifier	2
0x3c95853b	register_pernet_device	1
0x9cc4f70a	register_pm_notifier	9
0x3517383e	register_reboot_notifier	3
0xd9d8fd16	register_restart_handler	1
0x12d741e9	register_scpsys_notifier	1
0x11269594	register_shrinker	1
0xb9c425de	register_syscore_ops	1
0x60863d47	register_tcp_dev_notifier	4
0x56b78be4	regmap_bulk_read	7
0xbaad388d	regmap_bulk_write	7
0xf8f9964e	regmap_field_read	3
0x39c8506a	regmap_field_update_bits_base	3
0x6bfd66c5	regmap_raw_read	2
0x69bf626d	regmap_raw_write	2
0x03d2aa62	regmap_read	29
0x03dfeaa4	regmap_update_bits_base	22
0xea78f66e	regmap_write	19
0xb0b87cc9	regulator_count_voltages	1
0x6c8362b4	regulator_disable	8
0x4e9e82cf	regulator_disable_regmap	3
0xf3bd923d	regulator_enable	8
0x0ca54496	regulator_enable_regmap	3
0xdbddc967	regulator_get	4
0x8e7b742c	regulator_get_current_limit_regmap	1
0x23a53f57	regulator_get_optional	1
0x89a8e255	regulator_get_voltage	3
0xa6d2a195	regulator_get_voltage_sel_regmap	3
0x2f1fa27c	regulator_is_enabled	5
0xd798e4ed	regulator_is_enabled_regmap	3
0x0d298e83	regulator_list_voltage	2
0x9e6cb2a8	regulator_list_voltage_linear	2
0xb2775665	regulator_list_voltage_linear_range	1
0x8ed4ee81	regulator_list_voltage_table	3
0x504a9f60	regulator_map_voltage_iterate	1
0x76e5d597	regulator_map_voltage_linear_range	1
0x1718cd23	regulator_notifier_call_chain	2
0xfcd3f0fc	regulator_put	1
0x02311fff	regulator_set_active_discharge_regmap	1
0xf024d2b7	regulator_set_current_limit	3
0x13adf665	regulator_set_current_limit_regmap	1
0xac092213	regulator_set_mode	1
0x8f258f19	regulator_set_voltage	10
0x50ba0d14	regulator_set_voltage_sel_regmap	3
0x55f01453	regulator_set_voltage_time_sel	1
0xccc2b873	regulator_unregister	2
0x21785475	regulatory_pre_cac_allowed	1
0xc6d09aa9	release_firmware	1
0x723d2d0b	remap_pfn_range	2
0x3c651057	remove_proc_entry	4
0x52386c11	remove_proc_subtree	2
0x37110088	remove_wait_queue	1
0xc68d99df	report_custom_iommu_fault	1
0x92d08abd	request_firmware	1
0x7d3e320e	request_firmware_nowait	1
0x2072ee9b	request_threaded_irq	12
0x6c4b6684	reset_control_assert	2
0xb2210d64	reset_control_deassert	2
0x24f39c39	reset_control_reset	1
0x7d64db83	reset_controller_register	1
0x5d63e7da	revalidate_disk_size	1
0x69b18f43	rfc1042_header	1
0x6fcf12af	rfkill_alloc	1
0xc0763484	rfkill_blocked	1
0xdb68bbad	rfkill_destroy	1
0x3939f8f0	rfkill_pause_polling	1
0x25277497	rfkill_register	1
0xc781bd9f	rfkill_resume_polling	1
0x97999817	rfkill_set_hw_state	1
0x083eb21c	rfkill_unregister	1
0x02f09093	rhashtable_free_and_destroy	1
0xe086059f	rhashtable_insert_slow	1
0xc73580c5	rhltable_init	1
0xb7f990e9	rht_bucket_nested	1
0x9920ae2a	rht_bucket_nested_insert	1
0x091eb9b4	round_jiffies	1
0x1eb9516e	round_jiffies_relative	1
0x50fad434	round_jiffies_up	1
0x6240f2d3	rpmb_cmd_req	1
0xb07d8acc	rpmb_dev_register	1
0x7136ae17	rpmsg_create_ept	1
0x3705e77b	rpmsg_register_device	1
0xd45e13fe	rpmsg_trysend	1
0xe4c2c66c	rtc_ktime_to_tm	1
0x06052639	rtc_nvmem_register	1
0x356461c8	rtc_time64_to_tm	4
0x23412816	rtc_tm_to_ktime	1
0x4f2250ba	rtc_tm_to_time64	1
0xfbd12ee6	rtc_update_irq	1
0x5838f6c9	rtc_valid_tm	1
0x85670f1d	rtnl_is_locked	2
0xc7a4fbed	rtnl_lock	2
0x6e720ff2	rtnl_unlock	2
0x6b95284e	runqueues	2
0x7b4c9ba9	sbitmap_queue_min_shallow_depth	1
0xd653b126	sched_clock	31
0x53a8a11d	sched_setscheduler	11
0xb2278058	sched_show_task	1
0x01000e51	schedule	16
0x8ddd8aad	schedule_timeout	7
0xd735b621	scmi_driver_register	1
0x8424e604	scmi_driver_unregister	1
0x0c022bb8	scmi_protocol_register	1
0x96848186	scnprintf	16
0x4b57bf92	scsi_autopm_get_device	1
0x2b1cf194	scsi_autopm_put_device	1
0x62a819e9	scsi_device_get	1
0x20269de5	scsi_device_put	1
0x834de754	scsi_device_quiesce	1
0x9160a1ae	scsi_print_sense_hdr	1
0xc3481f7c	sd_execute_autok	1
0x0c43bf18	sdio_signal_irq	1
0xd027172b	sec_debug_dump_info	1
0x23ca78c1	sec_debug_set_extra_info_fault	1
0x2defc253	sec_debug_set_extra_info_upload	1
0x30bbe06f	sec_device_create	4
0x7aa2acd2	secdbg_log_get_rmem	1
0x565c5576	secdbg_pdev	1
0xddfc00d0	secdbg_set_power_flag	1
0x2356f74d	secdbg_set_power_reset_reason	1
0x89b90475	secdbg_set_upload_magic	1
0xb4903d08	send_otg_notify	1
0x3cd9acd3	send_sig	1
0xe7d4daac	seq_list_next	1
0xff1e9dd8	seq_list_start	1
0xad9f2705	seq_lseek	25
0x14ac9890	seq_open	1
0x97abab4a	seq_open_private	1
0xd740362b	seq_printf	30
0xcc20708f	seq_putc	1
0xa2aa781e	seq_puts	19
0xb9997d36	seq_read	27
0xcf99893f	seq_release	2
0x6aba69de	seq_release_private	1
0x9d51bcc0	seq_write	2
0x87a6cb20	serial8250_do_set_termios	1
0xcca83862	serial8250_do_shutdown	1
0x264a50bd	serial8250_do_startup	1
0xe8e14e2f	serial8250_get_port	1
0xebcd3ec8	serial8250_register_8250_port	1
0xc7208c3a	serial8250_resume_port	1
0x5759155a	serial8250_rpm_get	1
0xc2f35b93	serial8250_rpm_put	1
0xcc248d26	serial8250_suspend_port	1
0xcefcd99a	serial8250_unregister_port	1
0x46391f0b	set_blocksize	1
0x46f99cd0	set_clkchk_notify	1
0xef6e4f94	set_clkchk_ops	1
0x1678de86	set_clkdbg_ops	1
0x042f1936	set_cpus_allowed_ptr	1
0x9e61bb05	set_freezable	1
0x72dde9a0	set_mmc_perf_mode	1
0x365acda7	set_normalized_timespec64	1
0xcd8bdba4	set_notify_data	1
0xd92f11c6	set_otg_notify	1
0x2592dad4	set_pdchk_notify	1
0x3a2f6702	sg_alloc_table	1
0x753d5353	sg_alloc_table_from_pages	1
0x905695ab	sg_copy_from_buffer	1
0x02b8ab42	sg_copy_to_buffer	1
0x7f5b4fe4	sg_free_table	2
0xb320cc0e	sg_init_one	2
0xf888ca21	sg_init_table	2
0x290f2ad7	sg_miter_next	1
0xea1aa32a	sg_miter_start	1
0xa77c6467	sg_miter_stop	1
0x87b8798d	sg_next	4
0xbf27df8c	simple_attr_open	4
0x4a788936	simple_attr_read	4
0xeb895e94	simple_attr_release	4
0xd9bf06e9	simple_attr_write	4
0x619cb7dd	simple_read_from_buffer	5
0x0b742fd7	simple_strtol	1
0xbb4f4766	simple_write_to_buffer	2
0x4f731e2b	single_open	27
0xef42eddb	single_release	24
0x0da4b17f	skb_add_rx_frag	1
0x8fd1ad31	skb_checksum_help	1
0x3801bb9b	skb_clone	1
0xf5cb2398	skb_clone_sk	1
0x622aca78	skb_complete_wifi_ack	1
0x1696ca29	skb_copy	1
0x14a7727f	skb_copy_bits	2
0xeef1b69f	skb_copy_expand	1
0x6632d00d	skb_dequeue	1
0x3ec7c9ca	skb_ensure_writable	1
0xb5ab3a92	skb_pull	2
0x2e381158	skb_push	2
0x890c62fc	skb_put	2
0x590942c6	skb_queue_head	1
0xe27ed167	skb_queue_purge	1
0xca920659	skb_queue_tail	1
0x30d4bf39	skb_trim	2
0xac65eca4	slbc_power_off	2
0x138b79de	slbc_power_on	2
0x8e681935	slbc_release	2
0xa91f561d	slbc_request	2
0xa0eae826	smp_call_function	1
0x6228c21f	smp_call_function_single	1
0x8dd3469d	smpboot_register_percpu_thread	1
0x00cc56db	smpboot_unregister_percpu_thread	1
0x656e4a6e	snprintf	51
0x735c68ca	soc_device_register	1
0x19c20269	soc_device_unregister	1
0xc24aa96d	sock_release	1
0xb7c0f443	sort	1
0x928c3401	spi_finalize_current_transfer	1
0x92680418	spi_setup	1
0xaa554c78	spi_sync	1
0x95103f0b	spmi_controller_add	1
0x27794a5f	spmi_controller_alloc	1
0x130e6632	spmi_controller_remove	1
0x19f514a6	spmi_ext_register_read	1
0xeee512f1	spmi_ext_register_readl	1
0x08a8d05e	spmi_ext_register_write	1
0xedf66e23	spmi_ext_register_writel	1
0x68ae390c	spmi_register_read	1
0x4b1a4fd0	spmi_register_write	1
0x34c01336	spmi_register_zero_write	1
0x3c3ff9fd	sprintf	28
0x36d70b72	srcu_init_notifier_head	5
0xfa9d85fd	srcu_notifier_call_chain	4
0xb5dec381	srcu_notifier_chain_register	4
0xc579925f	srcu_notifier_chain_unregister	4
0xbcab6ee6	sscanf	20
0x6bd1aa56	stack_trace_save	2
0xe8d7e643	stack_trace_save_tsk	1
0x64853d2f	store_usblog_notify	1
0xf4db35bc	stpcpy	1
0xaafdc258	strcasecmp	1
0x349cba85	strchr	5
0xe2d5255a	strcmp	39
0xe914e41e	strcpy	11
0x1ac5d3cb	strcspn	1
0x81196244	stream_open	1
0x77bc13a0	strim	2
0xf9c0b663	strlcat	1
0x5792f848	strlcpy	15
0x98cf60b3	strlen	39
0x96b29254	strncasecmp	2
0x2e2b40d2	strncat	8
0x5a921311	strncmp	24
0x9166fada	strncpy	24
0xa916b694	strnlen	4
0xc310b981	strnstr	1
0x9f984513	strrchr	1
0x7410aba2	strreplace	1
0x85df9b6c	strsep	10
0x1e6d26a8	strstr	15
0xff368e5f	submit_bio	1
0x32a9deed	submit_bio_wait	1
0xecd1be91	subsys_system_register	1
0x1ab0c7e0	suspend_set_ops	1
0x308037c0	sync_file_create	1
0x4dca08ee	sync_file_get_fence	2
0xe523ad75	synchronize_irq	3
0x609f1c7e	synchronize_net	1
0x6091797f	synchronize_rcu	2
0xfe5d4bb2	sys_tz	3
0xe4428e2a	syscon_node_to_regmap	4
0xee6b71c4	syscon_regmap_lookup_by_compatible	1
0x482954a5	syscon_regmap_lookup_by_phandle	3
0x10d5b5f2	sysfs_create_bin_file	1
0x4fc8c1b0	sysfs_create_file_ns	3
0xaa3caa56	sysfs_create_group	12
0xc01c8b87	sysfs_create_link	2
0xe783e261	sysfs_emit	1
0xd7fe759b	sysfs_notify	1
0xe2a9fbdd	sysfs_remove_bin_file	1
0xe8415b1d	sysfs_remove_group	5
0x9b2b597c	sysfs_remove_link	2
0x222e7ce2	sysfs_streq	2
0xf6ec9bae	sysrq_sched_debug_show_at_AEE	1
0xd067d3c5	system_freezable_power_efficient_wq	1
0xd4034828	system_freezable_wq	1
0x7ab88a45	system_freezing_cnt	2
0x47884890	system_power_efficient_wq	2
0x015af7f4	system_state	1
0x2d3385d3	system_wq	27
0xa505b698	task_active_pid_ns	1
0x2364c85a	tasklet_init	2
0x0ea3c74e	tasklet_kill	4
0xa07d1b3c	tasklet_setup	1
0x4d976ba6	tcpc_class	1
0x9417db1b	tcpc_dev_get_by_name	4
0xb8e66481	tcpc_device_irq_enable	1
0xb8ae64ba	tcpc_device_register	4
0xf5115100	tcpc_device_unregister	3
0x55184cf5	tcpc_get_dev_data	3
0xddb171ec	tcpc_schedule_init_work	2
0x00b3834a	tcpc_typec_handle_ctd	1
0x2e323152	tcpc_typec_handle_fod	1
0x03ced9b0	tcpc_typec_handle_otp	1
0xb7911132	tcpc_typec_handle_wd	1
0xec2b44d1	tcpc_typec_ignore_fod	1
0x145dd97b	tcpc_typec_is_act_as_sink_role	1
0x95a08e37	tcpci_alert	3
0x87fce4f8	tcpci_alert_status_clear	3
0x3f24347d	tcpci_init_alert_mask	1
0x06badf8a	tcpci_is_vsafe0v	1
0x398b0a20	tcpci_lock_typec	3
0xc9aaa066	tcpci_notify_pd_state	1
0x748389af	tcpci_notify_plug_out	1
0xc5100b4c	tcpci_notify_role_swap	1
0xe5bd2fd2	tcpci_notify_typec_state	1
0x1d47e7b4	tcpci_set_cc	1
0x9ab3df11	tcpci_set_floating_ground	1
0x2a93b0c3	tcpci_set_low_power_mode	1
0xd18126e5	tcpci_set_otp_fwen	1
0xdfb73e1b	tcpci_set_watchdog	1
0xf0f65b06	tcpci_sink_vbus	1
0xdc87157b	tcpci_source_vbus	1
0x473b548a	tcpci_unlock_typec	3
0x93c1dd74	tcpm_dpm_pd_data_swap	1
0x46a4edad	tcpm_dpm_pd_get_pps_status	1
0x4ce8605c	tcpm_dpm_pd_get_status	1
0x9e332f34	tcpm_dpm_pd_hard_reset	1
0x975a91ee	tcpm_dpm_pd_power_swap	1
0x7d4b06bd	tcpm_dpm_pd_request	1
0x3e864700	tcpm_dpm_pd_vconn_swap	1
0x5697925e	tcpm_get_remote_power_cap	2
0x4a003056	tcpm_inquire_pd_data_role	1
0xd2014bd2	tcpm_inquire_pd_partner_inform	1
0xd85ee7c4	tcpm_inquire_pd_pe_ready	1
0xa07092d9	tcpm_inquire_pd_power_role	1
0x0c3210c5	tcpm_inquire_pd_vconn_role	1
0x8efa6374	tcpm_inquire_remote_cc	1
0x9eb53067	tcpm_inquire_typec_attach_state	2
0x66098f47	tcpm_inquire_typec_remote_rp_curr	1
0xac47901b	tcpm_is_comm_capable	1
0xe4a5f773	tcpm_set_pd_charging_policy	1
0x72a7284b	tcpm_shutdown	3
0x36965f91	tcpm_typec_change_role	1
0x0d6249af	tcpm_typec_change_role_postpone	1
0x710f024d	tcpm_typec_role_swap	1
0x0fff5afc	time64_to_tm	1
0x6acaad61	trace_event_buffer_commit	11
0x90b21669	trace_event_buffer_reserve	11
0x72b15a7c	trace_event_ignore_this_pid	11
0xe79bbd92	trace_event_raw_init	11
0x9939f2b0	trace_event_reg	11
0x7381287f	trace_handle_return	11
0xc3bc72ad	trace_print_array_seq	1
0xcc5c2df4	trace_print_symbols_seq	1
0xb4304cd8	trace_raw_output_prep	11
0x525d0aa3	trace_seq_printf	11
0x95e102ab	tracepoint_probe_register	15
0xdbeeece6	tracepoint_probe_unregister	10
0x21ef374c	try_wait_for_completion	1
0x6c7685af	tty_flip_buffer_push	1
0x80545e76	tty_insert_flip_string_fixed_flag	1
0x409873e3	tty_termios_baud_rate	1
0x5641485b	tty_termios_encode_baud_rate	1
0xe7d45e3d	typec_mux_set	1
0x493159cc	typec_partner_set_identity	1
0xe1e2a5b4	typec_register_partner	1
0xac96441a	typec_register_port	1
0x5f2c6469	typec_set_data_role	1
0x36852716	typec_set_orientation	1
0x33fd62de	typec_set_pwr_opmode	1
0x7e2998e7	typec_set_pwr_role	1
0x5ac3a632	typec_set_vconn_role	1
0x9cad8da6	typec_unregister_partner	1
0xda0a9c4c	typec_unregister_port	1
0x0f382cd1	tz_iwsock_accept	1
0xe036faf8	tz_iwsock_listen	1
0xb0d98d9c	tz_iwsock_read	1
0xc3e95005	tz_iwsock_release	1
0xce48b456	tz_iwsock_socket	1
0xfcefcffa	tz_iwsock_write	1
0x8b45fcdf	uart_get_baud_rate	1
0x4b602dd2	uart_get_divisor	1
0x97051f87	uart_update_timeout	1
0xbfadb6b1	ufs_mtk_biolog_check	1
0x5f8f964e	ufs_mtk_biolog_clk_gating	1
0xc006c46d	ufs_mtk_biolog_exit	1
0xeaaddcd3	ufs_mtk_biolog_init	1
0x66160aa9	ufs_mtk_biolog_send_command	1
0x66d2c02c	ufs_mtk_biolog_transfer_req_compl	1
0x4450d17e	ufs_mtk_dbg_dump	1
0x06f791ec	ufs_mtk_dbg_register	1
0xd8f0753b	ufs_mtk_rpmb_get_raw_dev	1
0x723b1abf	ufshcd_delay_us	1
0x1108b959	ufshcd_dme_get_attr	1
0xc1ba1599	ufshcd_dme_set_attr	1
0x6605adad	ufshcd_dump_regs	1
0xc4e74b30	ufshcd_fixup_dev_quirks	1
0xff85cd6b	ufshcd_get_pwr_dev_param	1
0x42da96d6	ufshcd_hba_enable	1
0x17f07fb8	ufshcd_hba_stop	1
0x079a8dd0	ufshcd_link_recovery	1
0xbe990155	ufshcd_make_hba_operational	1
0x2c1c87c2	ufshcd_pltfrm_init	1
0x9ae780b3	ufshcd_pltfrm_resume	1
0x2b37a1b0	ufshcd_pltfrm_runtime_idle	1
0x95ce2226	ufshcd_pltfrm_runtime_resume	1
0x0766e5ba	ufshcd_pltfrm_runtime_suspend	1
0xfa5a73cb	ufshcd_pltfrm_shutdown	1
0x870cabd3	ufshcd_pltfrm_suspend	1
0xdd503bff	ufshcd_query_attr	1
0x055860cf	ufshcd_query_descriptor_retry	1
0x3c154886	ufshcd_query_flag	1
0x67c2a4b2	ufshcd_read_desc_param	1
0x53c91879	ufshcd_remove	1
0x1d8646cd	ufshcd_uic_hibern8_exit	1
0xe4af472c	ufshcd_update_evt_hist	1
0xc5aaf2e4	unlock_page	1
0xb23bdc4f	unreg_loading_tracking_sp	1
0xb5a459dc	unregister_blkdev	1
0x6091b333	unregister_chrdev_region	3
0x121d958a	unregister_die_notifier	1
0x3d633d61	unregister_dvfsrc_debug_notifier	1
0x2fe252cc	unregister_inet6addr_notifier	1
0xfe029963	unregister_inetaddr_notifier	1
0x18b23dc5	unregister_kprobe	1
0xf0ee8d51	unregister_mmdvfs_notifier	1
0x6a5ecb18	unregister_module_notifier	2
0x9fdecc31	unregister_netdevice_many	1
0x9d0d6206	unregister_netdevice_notifier	2
0xa7aa3665	unregister_netdevice_queue	1
0x327ee4c5	unregister_pernet_device	1
0x7681946c	unregister_pm_notifier	2
0xac1a55be	unregister_reboot_notifier	2
0x3e9bf49a	unregister_shrinker	1
0x47719627	unregister_tcp_dev_notifier	1
0x6b50e951	up_read	3
0x20d81059	up_write	3
0x7bc5018d	update_usb_role	1
0x7f78d1aa	usb_add_config	1
0xfb102838	usb_add_function	2
0xde6d5c6f	usb_add_gadget_udc	1
0xe7b94b3f	usb_add_hcd	1
0xcfba1162	usb_add_phy_dev	1
0x6680a26c	usb_composite_probe	1
0x7790f60c	usb_composite_unregister	1
0x2e09263f	usb_copy_descriptors	2
0x5d64604c	usb_create_hcd	1
0x570ef22e	usb_del_gadget_udc	1
0x19a304ba	usb_disabled	1
0x361c5d2f	usb_driver_release_interface	1
0x880d48e4	usb_ep_alloc_request	1
0x70832c42	usb_ep_autoconfig	2
0xbadfaba7	usb_ep_dequeue	1
0x1aec8cdd	usb_ep_disable	1
0x2dbea237	usb_ep_enable	1
0x1d6766db	usb_ep_free_request	1
0xd4616fc7	usb_ep_queue	2
0x8310b89e	usb_ep_set_halt	1
0x0f3a28dd	usb_function_register	3
0x012df4f3	usb_function_unregister	3
0x1e6d7696	usb_gadget_connect	1
0x6226724f	usb_gadget_disconnect	1
0x3cfd9348	usb_gadget_giveback_request	1
0x05c97baf	usb_gadget_probe_driver	1
0x1b1ced9c	usb_gadget_set_selfpowered	1
0x009f5130	usb_gadget_set_state	1
0x2e336678	usb_get_dr_mode	1
0xd463183c	usb_get_function	1
0x4092778a	usb_get_function_instance	1
0xa644ea97	usb_hcd_check_unlink_urb	1
0x3fc5072e	usb_hcd_giveback_urb	1
0x0d526bd5	usb_hcd_link_urb_to_ep	1
0xe99d39b2	usb_hcd_poll_rh_status	1
0x5094011a	usb_hcd_resume_root_hub	1
0x2da87985	usb_hcd_unlink_urb_from_ep	1
0xe11e3bed	usb_hcd_unmap_urb_for_dma	1
0x3301cee6	usb_hub_find_child	1
0xe7b7798d	usb_interface_id	2
0x4459c9be	usb_notify_control	1
0x2f0d9053	usb_otg_state_string	1
0x42484a86	usb_phy_generic_register	1
0x6a98cede	usb_phy_generic_unregister	1
0x9c1af30f	usb_phy_set_charger_current	1
0xa09504a8	usb_put_function	1
0x15993252	usb_put_function_instance	4
0x5279e353	usb_put_hcd	1
0x89bbafc6	usb_register_notify	1
0x62ecc28b	usb_remove_function	1
0x9a048fef	usb_remove_hcd	1
0xf6d7a707	usb_remove_phy	1
0xc67dad16	usb_role_switch_get	2
0x1690b503	usb_role_switch_get_drvdata	1
0xd918957c	usb_role_switch_register	1
0xd5474690	usb_role_switch_set_role	2
0x2882d40e	usb_role_switch_unregister	1
0xc405a128	usb_set_device_state	1
0x77ae495d	usb_speed_string	1
0xac9e3175	usb_string_id	2
0x811dc334	usb_unregister_notify	1
0x12a38747	usleep_range	29
0xc56a41e6	vabits_actual	19
0x1fbc8ac9	vchan_dma_desc_free_list	2
0x2256ac56	vchan_init	2
0x1117b53f	vchan_tx_desc_free	2
0x4062113e	vchan_tx_submit	2
0xa06064bb	vcp_deregister_feature_ex	1
0x6a7662c8	vcp_get_reserve_mem_phys_ex	1
0xaf5ce3fc	vcp_get_reserve_mem_virt_ex	1
0x50f14ce6	vcp_register_feature_ex	1
0x02c33200	verify_pkcs7_signature	1
0x999e8297	vfree	12
0xbe72514d	vm_event_states	1
0x2d4cbadb	vm_insert_page	1
0x6513ba54	vm_node_stat	1
0xd6ee688f	vmalloc	13
0x5e0556c0	vmalloc_to_page	2
0x3744cf36	vmalloc_to_pfn	2
0x5635a60a	vmalloc_user	1
0x1270d593	vmap	7
0xaa0c318b	vscnprintf	3
0x00148653	vsnprintf	7
0x78b887ed	vsprintf	1
0x94961283	vunmap	3
0x40a9b349	vzalloc	6
0x25974000	wait_for_completion	3
0x2e3bcce2	wait_for_completion_interruptible	1
0xf02aa937	wait_for_completion_interruptible_timeout	4
0x4a3ad70e	wait_for_completion_timeout	5
0x689632ca	wait_on_page_bit	1
0xb308c97d	wait_woken	1
0xa4304a36	wake_up_process	21
0x51e13065	wakeup_source_add	3
0xb65019af	wakeup_source_create	2
0xb3d8636e	wakeup_source_destroy	1
0x28230a3f	wakeup_source_register	21
0x4fe8ab47	wakeup_source_remove	2
0x357b5405	wakeup_source_unregister	6
0xf7235039	watchdog_init_timeout	2
0xae0d6e28	watchdog_register_device	1
0xf9962c66	watchdog_set_restart_priority	1
0x3fd1e596	watchdog_unregister_device	1
0x5e97829f	wiphy_free	1
0xac389d85	wiphy_new_nm	1
0x4d2abffe	wiphy_register	1
0xca357b06	wiphy_unregister	1
0x1e8fac8e	wireless_nlevent_flush	1
0xd0654aba	woken_wake_function	1
0xb55e131a	ww_mutex_unlock	1
0x5da67adc	zs_compact	1
0xbcf1f0e6	zs_create_pool	1
0xc69b7ee5	zs_destroy_pool	1
0x958df3ac	zs_free	1
0xcbe56bc2	zs_get_total_pages	1
0x3d8baf3b	zs_huge_class_size	1
0xb29533ee	zs_malloc	1
0xc341ae6d	zs_map_object	1
0x7cceaf92	zs_pool_stats	1
0x924c46f8	zs_unmap_object	1
