0x00000065	CFh4	1
0x2ba5a92c	ISP_SetPMQOS	1
0x9a19c31a	KREE_AppendSecureMultichunkmem	2
0x5878d629	KREE_CloseSession	4
0xbdb6a34b	KREE_ConfigSecureMultiChunkMemInfo	1
0x552d4efc	KREE_CreateSession	4
0x3d5d5254	KREE_ION_AllocChunkmem	2
0x14085470	KREE_ION_QueryChunkmem_TEST	1
0x5df7236c	KREE_ION_ReferenceChunkmem	1
0x8dceb484	KREE_ION_UnreferenceChunkmem	2
0x0175c8da	KREE_ION_ZallocChunkmem	2
0xfbdd82be	KREE_RegisterSharedmem	3
0x44781e48	KREE_ReleaseSecureMultichunkmem	2
0xec19e146	KREE_TeeServiceCall	4
0xf45addc2	KREE_TeeServiceCallPlus	1
0xd9a6d5ea	KREE_UnregisterSharedmem	3
0x8453e6e7	MTKGPUQoS_mode	1
0x6babd811	MTKGPUQoS_setup	2
0xfb24a559	PDE_DATA	17
0x83968b19	SV_SetPMQOS	1
0x01e4f4e8	TEEC_CloseSession	2
0x1eab2f9a	TEEC_FinalizeContext	2
0x4c96b8bb	TEEC_InitializeContext	2
0x7f65e7b6	TEEC_InvokeCommand	2
0xbca5b811	TEEC_OpenSession	2
0xf6148844	TEEC_RegisterSharedMemory	1
0x82eea5e4	TEEC_ReleaseSharedMemory	1
0x20705f34	TeeServiceCall_wake_lock	1
0x12641630	__ClearPageMovable	1
0xba0d0a4a	__SetPageMovable	1
0x1d24c881	___ratelimit	33
0xb1736077	__alloc_disk_node	1
0xcfd14bde	__alloc_pages_nodemask	5
0x949f7342	__alloc_percpu	3
0xbcf85bc0	__alloc_skb	2
0x55686530	__arch_clear_user	1
0xaf507de1	__arch_copy_from_user	59
0x6b2941b2	__arch_copy_to_user	48
0xf93aae46	__arm_smccc_smc	16
0x63c4d61f	__bitmap_weight	1
0xc8bca6d2	__blk_mq_debugfs_rq_show	1
0xba78c88a	__cfg80211_alloc_event_skb	1
0xdbfb23ed	__cfg80211_alloc_reply_skb	1
0x733be38f	__cfg80211_send_event_skb	1
0x2cd90edd	__cfi_slowpath	102
0x88db9f48	__check_object_size	52
0x13a54ed5	__class_create	35
0x2e9469a2	__class_register	1
0x554e334d	__clk_get_hw	1
0xc569d8ce	__clk_get_name	2
0xc6a4a872	__clk_is_enabled	3
0x8ceafbcd	__close_fd	1
0xeae3dfd6	__const_udelay	33
0x15db3b99	__cpu_active_mask	3
0xac594e02	__cpu_online_mask	23
0xde7ece30	__cpu_possible_mask	22
0xb3055449	__cpu_present_mask	1
0xf9f83ee7	__cpufreq_driver_target	1
0x63547718	__cpuhp_remove_state	4
0x57ad17e9	__cpuhp_setup_state	6
0xe21d8f58	__cpuhp_state_add_instance	2
0x6753e8cf	__cpuhp_state_remove_instance	2
0xc87c29e6	__dev_kfree_skb_any	5
0xb4185d37	__devm_alloc_percpu	1
0xd60bcef6	__devm_regmap_init_i2c	3
0xc8d95c88	__devm_regmap_init_mmio_clk	1
0xedb7b09a	__devm_reset_control_get	1
0x5a095c99	__free_pages	5
0x6a5cb5ee	__get_free_pages	7
0xc2a656d9	__get_task_comm	3
0x53fdea08	__gpufreq_get_gpu_temp	1
0xf5a94b83	__init_rwsem	2
0x608741b5	__init_swait_queue_head	18
0xd9a5ea54	__init_waitqueue_head	31
0x6b4b2933	__ioremap	25
0x0d542439	__ipv6_addr_type	1
0x139f2189	__kfifo_alloc	3
0xdb760f52	__kfifo_free	3
0xf23fcb99	__kfifo_in	4
0xbd462b55	__kfifo_init	1
0x13d0adf7	__kfifo_out	4
0xeb233a45	__kmalloc	51
0x4616a1da	__kthread_init_worker	3
0x68f31cbd	__list_add_valid	45
0xe1537255	__list_del_entry_valid	38
0x6980ea4b	__log_post_read_mmio	42
0xcf1211a8	__log_read_mmio	42
0x31dfd5cd	__log_write_mmio	34
0xfdff74cc	__mdiobus_register	1
0x8e8feb5f	__media_device_register	1
0x5d112304	__memcpy_fromio	7
0xf77555cd	__memcpy_toio	4
0x18b48e28	__memset_io	10
0x2f76d662	__mmdrop	1
0x7f02188f	__msecs_to_jiffies	19
0x574add77	__mutex_init	57
0x250f3ecf	__netdev_alloc_skb	2
0xeebb47bf	__netlink_kernel_create	1
0x420964e3	__nla_parse	1
0xce13b725	__nlmsg_put	1
0xc60d0620	__num_online_cpus	4
0x00336a06	__page_pinner_migration_failed	4
0x280f9f14	__per_cpu_offset	14
0xec40655f	__percpu_down_read	1
0x503a285e	__platform_driver_register	96
0xa9941a8b	__pm_relax	19
0xa7c8e259	__pm_runtime_disable	10
0x871df5fa	__pm_runtime_idle	15
0x8637ac5d	__pm_runtime_resume	16
0x5ec1d781	__pm_runtime_set_status	1
0xd8ed0ca2	__pm_runtime_suspend	1
0x0ac3099d	__pm_runtime_use_autosuspend	1
0x2a3901ee	__pm_stay_awake	21
0x1022e36e	__put_page	4
0x9a80f9a6	__put_task_struct	6
0x8d522714	__rcu_read_lock	10
0x2469810f	__rcu_read_unlock	10
0x04482cdb	__refrigerator	3
0xbb0a7735	__register_chrdev	1
0x1848221d	__release_region	2
0x6d9ee2a0	__request_percpu_irq	1
0x0ca39ba0	__request_region	2
0x7c9ca58f	__sg_page_iter_next	1
0xccd4c999	__sg_page_iter_start	1
0x8957f882	__spi_register_driver	4
0x98a9d10c	__stack_chk_fail	144
0x8f678b07	__stack_chk_guard	144
0x74c134b9	__sw_hweight32	3
0x9f46ced8	__sw_hweight64	14
0x9b80e304	__task_rq_lock	1
0x9d2ab8ac	__tasklet_schedule	6
0xa20d01ba	__trace_bprintk	1
0x2d41e6f5	__trace_puts	1
0xcbc42e90	__traceiter_SPM__resource_req_0	1
0xead3e41b	__traceiter_cpu_frequency	1
0x448af6f4	__traceiter_gpu_mem_total	1
0xc4de8053	__tracepoint_SPM__resource_req_0	1
0x36d08831	__tracepoint_android_rvh_after_enqueue_task	1
0x29b33046	__tracepoint_android_rvh_cpu_overutilized	1
0xf992211e	__tracepoint_android_rvh_dequeue_task	1
0x34684643	__tracepoint_android_rvh_dequeue_task_fair	1
0x55965c95	__tracepoint_android_rvh_enqueue_task	1
0x6eb0e4b8	__tracepoint_android_rvh_enqueue_task_fair	1
0x49269776	__tracepoint_android_rvh_find_busiest_group	1
0xc762e5b3	__tracepoint_android_rvh_find_energy_efficient_cpu	1
0x33e0a813	__tracepoint_android_rvh_finish_prio_fork	1
0x798d7748	__tracepoint_android_rvh_new_task_stats	1
0xadd0283e	__tracepoint_android_rvh_prepare_prio_fork	1
0x7740c625	__tracepoint_android_rvh_rtmutex_prepare_setprio	1
0xbadefe48	__tracepoint_android_rvh_sched_newidle_balance	1
0x4bfae7d4	__tracepoint_android_rvh_select_task_rq_fair	1
0xa1f10509	__tracepoint_android_rvh_select_task_rq_rt	1
0x4529c9f1	__tracepoint_android_rvh_set_user_nice	1
0xfa177030	__tracepoint_android_rvh_setscheduler	1
0x0bd72419	__tracepoint_android_rvh_tick_entry	1
0xef03083e	__tracepoint_android_rvh_update_cpu_capacity	1
0xed380509	__tracepoint_android_vh_alter_futex_plist_add	1
0x0f6e930a	__tracepoint_android_vh_alter_rwsem_list_add	1
0x31d4f5d9	__tracepoint_android_vh_arch_set_freq_scale	1
0x7550cf49	__tracepoint_android_vh_binder_restore_priority	1
0xf09743cd	__tracepoint_android_vh_binder_set_priority	1
0x965f5d7d	__tracepoint_android_vh_binder_transaction_init	1
0x83be6a33	__tracepoint_android_vh_cgroup_attach	1
0x68d747fd	__tracepoint_android_vh_cgroup_set_task	1
0xa9691213	__tracepoint_android_vh_finish_update_load_avg_se	1
0x20f6db7a	__tracepoint_android_vh_freq_qos_add_request	1
0x8e8623e4	__tracepoint_android_vh_freq_qos_update_request	1
0x961b247c	__tracepoint_android_vh_is_fpsimd_save	1
0xb3a8654d	__tracepoint_android_vh_meminfo_proc_show	1
0x03b73d0f	__tracepoint_android_vh_prepare_update_load_avg_se	1
0x9be0ac46	__tracepoint_android_vh_rwsem_init	1
0x4c0e628d	__tracepoint_android_vh_rwsem_wake	1
0x365bc31a	__tracepoint_android_vh_rwsem_write_finished	1
0xa3e74b24	__tracepoint_android_vh_scheduler_tick	3
0x6b9fe557	__tracepoint_android_vh_set_wake_flags	1
0x4520b6b9	__tracepoint_android_vh_show_mem	1
0x5c575c4a	__tracepoint_android_vh_show_resume_epoch_val	1
0x64718122	__tracepoint_android_vh_show_suspend_epoch_val	1
0xf9fc82b5	__tracepoint_android_vh_syscall_prctl_finished	1
0xf9093f5b	__tracepoint_cpu_frequency	1
0x16fa73fe	__tracepoint_gpu_mem_total	1
0x06055a23	__tracepoint_pelt_se_tp	1
0x19ebf04e	__tracepoint_rwmmio_post_read	42
0xa035d76e	__tracepoint_rwmmio_read	42
0x95575c33	__tracepoint_rwmmio_write	34
0x365b45d1	__tracepoint_sched_update_nr_running_tp	1
0x6ba3f1e6	__tracepoint_task_newtask	2
0x9e7d6bd0	__udelay	5
0x6bc3fbc0	__unregister_chrdev	1
0xa8408d5e	__v4l2_device_register_subdev_nodes	1
0x52a1f6ef	__video_register_device	3
0x3eeb2322	__wake_up	32
0x56470118	__warn_printk	9
0x39448fe2	_copy_from_iter	2
0xe0fb5dfb	_copy_to_iter	1
0x11089ac7	_ctype	3
0x5ed4c6ae	_dev_err	33
0x8eff6041	_dev_info	42
0xefae1c39	_dev_notice	10
0xbc7a4422	_dev_warn	10
0x6e8b0474	_map_user_pages	1
0xfe8c61f0	_raw_read_lock	2
0x8dee722d	_raw_read_lock_bh	1
0xdd4d55b6	_raw_read_unlock	2
0xaeb082ad	_raw_read_unlock_bh	1
0xba8fbd64	_raw_spin_lock	37
0x0c3690fc	_raw_spin_lock_bh	4
0x8427cc7b	_raw_spin_lock_irq	6
0x34db050b	_raw_spin_lock_irqsave	62
0xfef216eb	_raw_spin_trylock	4
0xb5b54b34	_raw_spin_unlock	37
0xe46021ca	_raw_spin_unlock_bh	4
0x4b750f53	_raw_spin_unlock_irq	6
0xd35cce70	_raw_spin_unlock_irqrestore	62
0xe68efe41	_raw_write_lock	1
0x51a511eb	_raw_write_lock_bh	1
0x40235c98	_raw_write_unlock	1
0xe7ab1ecc	_raw_write_unlock_bh	1
0x944375db	_totalram_pages	2
0xc22864a7	_trace_android_vh_record_pcpu_rwsem_starttime	1
0xefe614bb	activate_task	2
0x65744673	add_timer	8
0x4afb2238	add_wait_queue	1
0x8296180e	adsp_deregister_feature	2
0x4cbd2e10	adsp_get_reserve_mem_phys	2
0x3e503fa2	adsp_get_reserve_mem_size	2
0x06439baf	adsp_get_reserve_mem_virt	2
0x7f3344b2	adsp_ipi_registration	1
0xe2418e38	adsp_register_feature	2
0x8fdef678	adsp_register_notify	2
0x8242a5b1	adsp_send_message	1
0x13f601eb	adsp_threaded_irq_registration	1
0x4af93671	aed_combo_exception_api	1
0x97680f44	aed_common_exception_api	3
0xa2aed337	aee_get_mode	1
0x29c37d82	aee_is_printk_too_much	6
0x45b60059	aee_kernel_exception_api_func	6
0xdb976d85	aee_kernel_warning_api_func	8
0x35806b02	aee_rr_curr_gpu_dvfs_status	1
0x871376ec	aee_rr_rec_gpu_dvfs_oppidx	1
0xdb39008d	aee_rr_rec_gpu_dvfs_power_count	1
0xbc5ce545	aee_rr_rec_gpu_dvfs_status	1
0x214dd646	aee_rr_rec_gpu_dvfs_vgpu	1
0x20ff9ebe	afe_pcm_ipi_to_dsp	1
0x74d363ef	afe_pcm_ipi_to_scp	1
0x536e1fa7	alarm_cancel	2
0x1fbe3658	alarm_init	2
0xfeb6361a	alarm_start_relative	2
0xd9a9c2b1	alarmtimer_get_rtcdev	1
0x7278d328	all_vm_events	1
0x32b04e72	alloc_anon_inode	1
0xe3ec2f2b	alloc_chrdev_region	28
0xef1766f7	alloc_etherdev_mqs	1
0x281e7f55	alloc_netdev_mqs	1
0x5fc72f0e	alloc_pages_exact	2
0xdf9208c0	alloc_workqueue	30
0x9fd75310	android_debug_symbol	1
0x7fbbd0bb	android_rvh_probe_register	3
0x66e0c8e3	anon_inode_getfd	2
0xb96a2914	anon_inode_getfile	1
0x75fb9062	arch_timer_read_counter	5
0xf778f5d1	archcounter_timesync_init	1
0x3ac59078	archcounter_timesync_to_boot	1
0x9dbead14	archcounter_timesync_to_monotonic	1
0x14b89635	arm64_const_caps_ready	94
0xaf56600a	arm64_use_ng_mappings	26
0xd3752c27	atomic_notifier_call_chain	2
0x2b9997fb	atomic_notifier_chain_register	3
0x7181db30	atomic_notifier_chain_unregister	3
0xa8d0aa80	audio_recv_ipi_buf_from_dsp	1
0xd04d732f	audio_send_ipi_buf_to_dsp	1
0x4862e694	audio_send_ipi_msg	2
0x8fca6f04	audio_task_register_callback	2
0x263c3152	bcmp	5
0x90992d2c	bdget_disk	1
0x71c1c88e	bdput	1
0xe51834bf	bio_add_page	1
0xe8adb2d0	bio_alloc_bioset	1
0xfadd82c6	bio_associate_blkg	1
0x3650836f	bio_chain	1
0x56256b2f	bio_endio	1
0x98add6c6	bio_init	1
0x4e359aa9	bio_put	1
0x0f01c658	blk_alloc_queue	1
0xbf99f1f1	blk_cleanup_queue	1
0x4e51dbae	blk_mq_debugfs_rq_show	1
0x7d191424	blk_mq_free_request	1
0x019af450	blk_mq_sched_request_inserted	1
0x17afa218	blk_mq_sched_try_insert_merge	1
0x54a4d172	blk_mq_sched_try_merge	1
0xbde48987	blk_queue_flag_clear	1
0x0e98ba6c	blk_queue_flag_set	1
0xbb3aeb71	blk_queue_io_min	1
0x1e2da57b	blk_queue_io_opt	1
0xf082423e	blk_queue_logical_block_size	1
0x8d08d30f	blk_queue_max_discard_sectors	1
0x570de6a7	blk_queue_max_write_zeroes_sectors	1
0x352b39d1	blk_queue_physical_block_size	1
0xdb479145	blk_sec_stats_account_exit	1
0x7c79b2db	blk_sec_stats_account_init	1
0x43b8c5cb	blk_sec_stats_account_io_done	1
0x84502a47	blk_status_to_errno	1
0xffb4345b	blkcg_activate_policy	1
0x95e0f7e4	blkcg_deactivate_policy	1
0x2679bfca	blkcg_policy_register	1
0xf3d8b077	blkcg_policy_unregister	1
0xd1cca611	blkcg_root	1
0x1aa5f837	blkdev_get_by_dev	2
0xc8dd823c	blkdev_put	2
0x56d57f6e	blkg_lookup_slowpath	1
0x8317ad7c	blocking_notifier_call_chain	9
0xbb0c86a5	blocking_notifier_chain_register	9
0x963aa2a9	blocking_notifier_chain_unregister	9
0x3ebcf954	bpf_trace_run1	7
0x5bfcfef5	bpf_trace_run12	1
0xf7daba4e	bpf_trace_run2	7
0xdb36dd4a	bpf_trace_run3	7
0xca4e8460	bpf_trace_run4	8
0xaa4eb664	bpf_trace_run5	3
0x3d2d7978	bpf_trace_run6	2
0x8e3b213e	bpf_trace_run7	2
0x4e0f52e4	bpf_trace_run8	2
0xd138db83	bpf_trace_run9	4
0x605d5bfa	cache_line_size	2
0xda571594	cancel_delayed_work	15
0xf8beca97	cancel_delayed_work_sync	15
0xd969d6f4	cancel_work_sync	7
0xc6cbbc89	capable	1
0x2e6debbe	cdev_add	27
0xe2d07004	cdev_alloc	16
0x9e1bac16	cdev_del	26
0x95613f30	cdev_init	23
0x7c04a552	cfg80211_ch_switch_notify	1
0xef265f27	cfg80211_chandef_create	1
0x26e21b82	cfg80211_classify8021d	1
0xf4e79daf	cfg80211_connect_done	1
0x148cb80e	cfg80211_del_sta_sinfo	1
0x56d15730	cfg80211_disconnected	1
0x75f1f51e	cfg80211_external_auth_request	1
0x9d6cba30	cfg80211_find_elem_match	1
0x89dbbe12	cfg80211_ft_event	1
0x3a63d1bc	cfg80211_get_bss	1
0x9f51f4b0	cfg80211_inform_bss_data	1
0x6fc51b51	cfg80211_inform_bss_frame_data	1
0x6c5f9bf5	cfg80211_mgmt_tx_status	1
0x5f4d63da	cfg80211_michael_mic_failure	1
0xf01b72dc	cfg80211_new_sta	1
0x9c76854d	cfg80211_pmksa_candidate_notify	1
0xc2a311b8	cfg80211_put_bss	1
0x3f482687	cfg80211_ready_on_channel	1
0xdf903a43	cfg80211_remain_on_channel_expired	1
0xc4248da0	cfg80211_roamed	1
0x57dfa00e	cfg80211_rx_mgmt_khz	1
0x9890d055	cfg80211_scan_done	1
0x5e504522	cfg80211_sched_scan_results	1
0x44a9d82e	cfg80211_sched_scan_stopped	1
0xdb49bc14	cfg80211_tdls_oper_request	1
0x60086fcb	cfg80211_unlink_bss	1
0xec30f208	cfg80211_vendor_cmd_reply	1
0x19f55823	cgroup_taskset_first	1
0xf9fabfc2	cgroup_taskset_next	1
0x6fc90e14	check_freq_update_for_time	1
0x59667315	check_preempt_curr	1
0xc4a8b336	class_create_file_ns	1
0xaed3d17e	class_destroy	34
0xd2b0e789	class_for_each_device	1
0x1030b692	class_unregister	2
0x3d9ee9f0	clear_page	1
0x479f7d4b	clk_bulk_disable	1
0xec68ba70	clk_bulk_enable	1
0xeafe07b8	clk_bulk_prepare	1
0x63c08029	clk_bulk_unprepare	1
0x34544029	clk_dbg_driver_register	1
0xb6e6d99d	clk_disable	22
0x815588a6	clk_enable	22
0x63150e06	clk_get_parent	1
0x6bbd50a6	clk_hw_is_prepared	1
0x7c9a7371	clk_prepare	22
0x2e1ca751	clk_put	1
0x2396c7f0	clk_set_parent	5
0x76d9b876	clk_set_rate	2
0xb077e70a	clk_unprepare	22
0x62bb09bf	clocks_calc_mult_shift	4
0x6476afe4	cm_get_ipi_enable	1
0xf69c8d34	cm_ipi_init	1
0xce8be613	cm_mgr_check_dts_setting	1
0x42203369	cm_mgr_common_exit	1
0xd898679e	cm_mgr_common_init	1
0x3f5a1448	cm_mgr_get_blank_status	1
0xbed136a3	cm_mgr_get_bw_path	1
0x2074c378	cm_mgr_get_disable_fb	1
0xd83bf87a	cm_mgr_get_dram_opp_base	1
0x5db3cbd4	cm_mgr_get_num_array	1
0x240f5e9a	cm_mgr_get_num_perf	1
0xe0c0f71c	cm_mgr_get_perf_enable	1
0xa957182d	cm_mgr_get_perf_force_enable	1
0x28fb73d3	cm_mgr_judge_perfs_dram_opp	1
0x7e948ff0	cm_mgr_register_hook	1
0x19b81f57	cm_mgr_set_bw_path	1
0x35ef043f	cm_mgr_set_dram_opp_base	1
0x6b344e25	cm_mgr_set_num_array	1
0xfb3bd632	cm_mgr_set_num_perf	1
0xcbc697b5	cm_mgr_set_pdev	1
0x80d21b7c	cm_mgr_set_perf_force_enable	1
0x337411b2	cm_mgr_to_sspm_command	2
0xe35b87dc	cm_mgr_unregister_hook	1
0x634eb2cc	cm_mgr_update_dram_by_cpu_opp	1
0x6e17861c	cma_alloc	1
0xa00ed463	cma_release	1
0x8ee95e88	cmdqCoreRegisterCB	2
0x22dee9a4	cmdqCoreRegisterDebugRegDumpCB	1
0xc9cc8982	cmdq_clear_event	3
0x42a4c494	cmdq_clients	1
0x06efb52c	cmdq_core_query_first_err_mod	1
0xa54f61c8	cmdq_core_save_first_dump	2
0x96065e86	cmdq_core_should_print_msg	1
0xc57450ab	cmdq_ctx	1
0x2c9e1211	cmdq_debug_cb	1
0x7dc9cf98	cmdq_dev_get_event	2
0x460a04fb	cmdq_dump_core	1
0xdeb1f3ed	cmdq_dump_pkt	4
0x7575dae7	cmdq_dump_summary	1
0x8bd20a76	cmdq_get_event	2
0x85292f1d	cmdq_get_vcp_buf	2
0xef0253d5	cmdq_group_cb	1
0x09408b20	cmdq_mbox_buf_alloc	2
0xde2704b2	cmdq_mbox_buf_free	2
0x6aa05c15	cmdq_mbox_chan_id	1
0x2b403f5a	cmdq_mbox_channel_stop	1
0x538b411f	cmdq_mbox_create	8
0x5971a01b	cmdq_mbox_destroy	2
0xe1d5b76c	cmdq_mbox_disable	7
0xfc102d94	cmdq_mbox_enable	7
0x484e9ead	cmdq_mbox_get_base_pa	1
0x14837105	cmdq_mbox_get_thread_timeout	1
0x59cdd1e4	cmdq_mbox_pool_clear	1
0xe2f30d27	cmdq_mbox_pool_set_limit	1
0x1365d4be	cmdq_mbox_stop	3
0xb3ad7db4	cmdq_mbox_thread_remove_task	1
0x4d9c7bda	cmdq_mbox_thread_suspend	1
0x45d0d5f0	cmdq_pkt_add_cmd_buffer	1
0x868851e6	cmdq_pkt_alloc_buf	1
0x2d590944	cmdq_pkt_append_command	1
0x68502937	cmdq_pkt_assign_command	4
0x351327ea	cmdq_pkt_clear_event	3
0x62ff84df	cmdq_pkt_cond_jump	1
0xb66fe200	cmdq_pkt_cond_jump_abs	1
0x08f84969	cmdq_pkt_copy	1
0xf6eee72b	cmdq_pkt_create	8
0x5c44437e	cmdq_pkt_destroy	7
0x100833c8	cmdq_pkt_dump_buf	1
0x118f6476	cmdq_pkt_finalize	2
0xf61a092c	cmdq_pkt_finalize_loop	3
0x73560e1a	cmdq_pkt_flush	3
0x04e534c5	cmdq_pkt_flush_async	4
0x5925a46f	cmdq_pkt_flush_threaded	3
0xe7b86920	cmdq_pkt_get_curr_buf_pa	1
0xaa0d5171	cmdq_pkt_get_curr_buf_va	1
0xe5c5d77e	cmdq_pkt_get_pa_by_offset	1
0x467b6224	cmdq_pkt_get_perf_ret	1
0x56e798eb	cmdq_pkt_get_va_by_offset	3
0xab1149f9	cmdq_pkt_handshake_event	1
0x347524ed	cmdq_pkt_jump	1
0xd05c9d9c	cmdq_pkt_jump_addr	1
0x506a25b9	cmdq_pkt_logic_command	3
0xc0c6a041	cmdq_pkt_mem_move	3
0xb522f751	cmdq_pkt_move	1
0x0c8a0219	cmdq_pkt_perf_begin	1
0x9eae1327	cmdq_pkt_poll	1
0xce0589e0	cmdq_pkt_poll_addr	3
0x3e21e1db	cmdq_pkt_poll_timeout	2
0x6311a2ad	cmdq_pkt_read	2
0x35319341	cmdq_pkt_read_addr	4
0x3a4dbfc0	cmdq_pkt_readback	1
0xdb508acd	cmdq_pkt_refinalize	1
0x81ba194e	cmdq_pkt_reuse_buf_va	1
0x987c51b8	cmdq_pkt_reuse_poll	1
0xbd7ce164	cmdq_pkt_set_event	6
0xffa4152e	cmdq_pkt_sleep	1
0x470b446f	cmdq_pkt_vcp_reuse_val	1
0x283cbc6e	cmdq_pkt_wait_complete	3
0xf7532bc2	cmdq_pkt_wait_no_clear	1
0x52ca68e6	cmdq_pkt_wfe	8
0x83a20b9f	cmdq_pkt_write	6
0x1624a830	cmdq_pkt_write_indriect	2
0x8390c1a0	cmdq_pkt_write_reg_addr	2
0x4cd24a33	cmdq_pkt_write_reg_indriect	2
0xbc0474b1	cmdq_pkt_write_value_addr	2
0x79968a32	cmdq_pkt_write_value_addr_reuse	1
0x97cbbc02	cmdq_register_device	5
0x421715ef	cmdq_sec_helper_set_fp	1
0x532918fa	cmdq_sec_insert_backup_cookie	1
0xcfe411c7	cmdq_sec_mbox_disable	4
0x79bb07e9	cmdq_sec_mbox_enable	4
0x5678eb0c	cmdq_sec_mbox_stop	3
0xeb3a0b9f	cmdq_sec_mbox_switch_normal	1
0xe34750e3	cmdq_sec_pkt_assign_metadata	1
0xd89c1cd1	cmdq_sec_pkt_set_data	5
0xa9904072	cmdq_sec_pkt_set_mtee	5
0x077f04fc	cmdq_sec_pkt_set_payload	2
0x6c07cc00	cmdq_sec_pkt_set_secid	3
0x171582f8	cmdq_sec_pkt_write_reg	3
0x239ca61d	cmdq_set_event	2
0x7d9e4e6d	cmdq_task_get_pkt_from_thread	1
0x26d722c2	cmdq_task_get_thread_irq	1
0x54e41a7b	cmdq_task_get_thread_pc	1
0x059d297c	cmdq_thread_dump	1
0xea982b4b	cmdq_thread_timeout_backup	1
0x36e71568	cmdq_thread_timeout_restore	1
0x3a724b9a	cmdq_util_dump_lock	1
0xc56dae99	cmdq_util_dump_unlock	1
0x1e3f666a	cmdq_util_error_disable	1
0x7a286490	cmdq_util_error_enable	1
0xf95cc9b1	cmdq_util_error_save	2
0x02c72cd1	cmdq_util_event_module_dispatch	1
0x8c874bc4	cmdq_util_get_hw_id	1
0x9cddefee	cmdq_util_is_feature_en	1
0x188e924c	cmdq_util_prebuilt_dump	2
0x941a2387	cmdq_util_prebuilt_init	1
0xe128e9df	cmdq_util_test_get_subsys_list	1
0x9905a4c2	cmdq_util_test_set_ostd	1
0x5097a0a3	cmdq_util_track_ctrl	1
0x50309be5	cmdq_vcp_enable	2
0xbffde8ec	compat_alloc_user_space	8
0xa6257a2f	complete	18
0x93d6dd8c	complete_all	5
0xddf6ad7a	completion_done	1
0xdb09248f	config_ep_by_speed	1
0xabedbe94	config_group_init_type_name	1
0xa2b043f3	conn_pwr_drv_post_off	1
0xd6e9beda	conn_pwr_drv_pre_on	1
0xb72bd068	conn_pwr_register_event_cb	1
0xdced65b2	connectivity_export_dump_thread_state	1
0x226abbc3	connectivity_export_mmc_io_rw_direct	1
0x48184c84	connectivity_export_show_stack	2
0x5b5cc9fe	connsys_log_deinit	3
0x93eb7ab0	connsys_log_get_buf_size	3
0x88db89e4	connsys_log_init	3
0x83f4ca61	connsys_log_read_to_user	3
0xc1ec710b	connsys_log_register_event_cb	3
0x0366307a	console_suspend_enabled	1
0xdc88620f	consume_skb	2
0xa714dd23	contig_page_data	2
0x4531ab62	copy_from_kernel_nofault	2
0x619a6e0b	cpr_not_support_cookie	1
0xd994ecee	cpu_all_bits	1
0x4d0015e2	cpu_hotplug_disable	1
0xf6c8dc62	cpu_hotplug_enable	1
0xec2fc692	cpu_hwcap_keys	94
0x8b9f70c7	cpu_hwcaps	65
0x589e1a22	cpu_latency_qos_add_request	3
0x3aaa15b2	cpu_latency_qos_remove_request	3
0xdc528096	cpu_latency_qos_update_request	3
0x7a2af7b4	cpu_number	22
0x444f1735	cpu_pm_register_notifier	1
0x4f98d766	cpu_pm_unregister_notifier	1
0x014e8186	cpu_scale	2
0xbcb22632	cpu_subsys	4
0x7281ec27	cpu_topology	5
0x1403ad09	cpufreq_add_update_util_hook	1
0xefeb0f57	cpufreq_cpu_get	11
0x7557e528	cpufreq_cpu_put	11
0xdcd38056	cpufreq_disable_fast_switch	1
0xdb9bd4cb	cpufreq_driver_fast_switch	1
0x2ddef6c8	cpufreq_driver_resolve_freq	1
0xdd59e714	cpufreq_enable_fast_switch	1
0x795d10f3	cpufreq_frequency_table_get_index	1
0x570dc044	cpufreq_idle_cpu	1
0xfb4bf002	cpufreq_idle_cpu_lock	1
0xe239a5e7	cpufreq_policy_transition_delay_us	1
0x7c46233a	cpufreq_quick_get	1
0x54f8f775	cpufreq_register_governor	1
0x3192d768	cpufreq_remove_update_util_hook	1
0xc2150547	cpufreq_table_index_unsorted	2
0xc8cb09cb	cpufreq_this_cpu_can_update	1
0xc0d77202	cpufreq_unregister_governor	1
0xd63eac6a	cpufreq_update_util_data	1
0x4a5d0307	cpuidle_driver_state_disabled	1
0x6de5ca17	cpuidle_get_driver	3
0xf553318d	cpuidle_pause_and_lock	4
0xcabe04de	cpuidle_resume_and_unlock	4
0x92ad1db9	cpumask_next	24
0x4445ab21	cpumask_next_and	2
0xa04f945a	cpus_read_lock	2
0x18fb2caf	cpus_read_unlock	2
0x69dd3b5b	crc32_le	4
0xbb720070	crypto_alloc_base	1
0xa5028ec1	crypto_comp_compress	1
0x23431639	crypto_comp_decompress	1
0x77b204ab	crypto_destroy_tfm	1
0x951a2773	crypto_has_alg	1
0xa073b9e2	css_next_descendant_pre	1
0x2e72ceb5	d_path	1
0x509722cc	dapm_clock_event	1
0x789c642f	dapm_kcontrol_get_value	1
0x5e67cb12	dapm_regulator_event	1
0x3d03b2a4	deactivate_task	2
0x0afda797	debounce_times_perf_down_force_local_get	1
0x2f765d7f	debounce_times_perf_down_force_local_set	1
0x58d81146	debounce_times_perf_down_get	1
0x4c71307f	debounce_times_perf_down_local_get	1
0xdb9edfa7	debounce_times_perf_down_local_set	1
0x3852e890	debounce_times_perf_force_down_get	1
0xf5d4b2b1	debugfs_attr_read	1
0xdb54a67d	debugfs_attr_write	1
0x03c62daf	debugfs_create_bool	1
0x82b308e8	debugfs_create_dir	8
0x63ef7ca7	debugfs_create_file	13
0xa048334f	debugfs_create_u16	1
0x299f72da	debugfs_lookup	2
0x5243bc7e	debugfs_remove	6
0xae15f73e	dec_zone_page_state	1
0xfeea81cb	default_llseek	2
0xe3e8ddf2	del_gendisk	1
0xaa4008af	del_timer	9
0xf15e728e	del_timer_sync	7
0x253af43d	delayed_work_timer_fn	26
0x8c03d20c	destroy_workqueue	22
0xa5976e4f	dev_base_lock	1
0xe81e4e9b	dev_get_by_name	1
0x0c850f9a	dev_get_regmap	4
0x5070cbcf	dev_get_stats	2
0x5a5354e7	dev_is_normal_region	1
0x8c622969	dev_pm_domain_attach_by_id	1
0x247f853b	dev_pm_domain_detach	1
0x580b25f3	dev_pm_genpd_set_performance_state	1
0x59b90419	dev_pm_opp_find_freq_ceil	7
0xf31b0f59	dev_pm_opp_find_freq_ceil_by_volt	1
0x939664ee	dev_pm_opp_find_freq_exact	1
0x7604f3ff	dev_pm_opp_find_freq_floor	3
0xc3424a7c	dev_pm_opp_get_freq	1
0xbb35711e	dev_pm_opp_get_opp_count	8
0x4d9ba879	dev_pm_opp_get_voltage	7
0x78e27b3f	dev_pm_opp_of_add_table	7
0x47d458c0	dev_pm_opp_of_add_table_indexed	1
0x7d69d0b2	dev_pm_opp_of_remove_table	2
0xe695dd5e	dev_pm_opp_put	7
0x130c2d49	dev_pm_opp_put_regulators	1
0xc7f3109f	dev_pm_opp_set_regulators	1
0xa2ef36e7	dev_printk	1
0xbb4c2efa	dev_set_mac_address	1
0xb02b15cb	dev_set_name	5
0xf38bac94	devfreq_add_device	1
0x273f2dc0	devfreq_add_governor	1
0xb2a916bd	devfreq_cooling_unregister	1
0x51d51cf8	devfreq_monitor_resume	1
0x3045fff7	devfreq_monitor_start	1
0x686cae55	devfreq_monitor_stop	1
0x3d3a3229	devfreq_monitor_suspend	1
0xd833d7d8	devfreq_recommended_opp	1
0xbe47859c	devfreq_register_opp_notifier	1
0x0b254b19	devfreq_remove_device	1
0xfacf0a52	devfreq_remove_governor	1
0xc613de72	devfreq_resume_device	1
0x2f1b4959	devfreq_suspend_device	1
0xc42c8547	devfreq_unregister_opp_notifier	1
0x50367c59	devfreq_update_interval	1
0xe15f3633	device_add_disk	1
0x20f92f09	device_create	34
0xe42c7c42	device_create_bin_file	4
0xe3aa3619	device_create_file	18
0x0053616f	device_create_with_groups	1
0xa15d438d	device_destroy	34
0xcc179d8b	device_for_each_child	1
0x6994009e	device_init_wakeup	3
0x092babff	device_link_add	2
0xbd9d04d2	device_register	1
0x3a7df179	device_remove_bin_file	1
0x164eb7f6	device_remove_file	9
0x4c863dd4	device_unregister	3
0x98b6363b	devm_clk_bulk_get	1
0x36d574de	devm_clk_get	19
0x5abd3951	devm_gpio_free	1
0x4c58767b	devm_iio_channel_get	6
0x1dc7fa5f	devm_ioremap	4
0x33d29b07	devm_ioremap_resource	16
0xde2e4fad	devm_iounmap	1
0x08ae120c	devm_kasprintf	2
0x0d604c3f	devm_kfree	9
0x08e2fd0c	devm_kmalloc	50
0x6a1bbc61	devm_nvmem_cell_get	1
0xcde59441	devm_nvmem_device_get	4
0x0a35079c	devm_nvmem_register	1
0xaa48f219	devm_pinctrl_get	14
0x86f16c20	devm_pinctrl_put	2
0xbbd62b47	devm_platform_ioremap_resource	2
0x7b0f7589	devm_rc_allocate_device	1
0xebf37fd4	devm_rc_register_device	1
0xd99d2acd	devm_reboot_mode_register	1
0xb7debf78	devm_regulator_get	7
0x743dff5c	devm_regulator_get_optional	4
0xfa8a5bb0	devm_request_threaded_irq	9
0x9558ca00	devm_snd_soc_register_card	1
0x7f902e84	devm_snd_soc_register_component	5
0xffee951c	devm_thermal_zone_of_sensor_register	8
0x215b8cfc	devres_add	2
0x54915ecc	devres_alloc_node	2
0xe93e49c3	devres_free	2
0xf06d8a99	devres_release	1
0x3ce4ca6f	disable_irq	14
0x27bbf221	disable_irq_nosync	12
0xf21e1f9b	disable_percpu_irq	2
0xd878db6e	disk_end_io_acct	1
0xad8f9fc2	disk_start_io_acct	1
0x933b8844	disp_mtee_cb	1
0xff8e54c1	dma_alloc_attrs	9
0x9a9dd4b1	dma_async_device_register	1
0x3dbec7e0	dma_async_device_unregister	1
0x23e1a5b7	dma_async_tx_descriptor_init	1
0x23ce83ac	dma_buf_attach	10
0x71f605a9	dma_buf_begin_cpu_access	1
0x78ec79c1	dma_buf_detach	10
0xd1764430	dma_buf_end_cpu_access	1
0xfb1bfabb	dma_buf_export	2
0xde32d214	dma_buf_fd	2
0x6a6d5fb3	dma_buf_get	12
0x20d2f8c3	dma_buf_map_attachment	10
0x35cdb5a6	dma_buf_mmap	1
0x98c2b0fc	dma_buf_put	14
0x0e1506dd	dma_buf_unmap_attachment	10
0xb6a444cd	dma_buf_vmap	2
0x90a8a2dc	dma_buf_vunmap	2
0x8e21c9a1	dma_fence_add_callback	2
0x14605535	dma_fence_context_alloc	4
0x350ea558	dma_fence_default_wait	4
0xdd8166a1	dma_fence_free	3
0x2e0b1deb	dma_fence_get_status	1
0x16dee44d	dma_fence_init	4
0xe123f3d9	dma_fence_release	4
0x3b20fb95	dma_fence_remove_callback	1
0x731c4a9c	dma_fence_signal	1
0x3d02cd70	dma_fence_signal_locked	3
0x9cb025a4	dma_free_attrs	7
0xeb4f0f24	dma_heap_add	1
0x76af8aef	dma_heap_buffer_alloc	3
0x0711d5c6	dma_heap_buffer_free	3
0x9ba677bf	dma_heap_bufferfd_alloc	1
0xeff75c0b	dma_heap_find	4
0xf39b6569	dma_heap_get_drvdata	1
0xed3a3cb3	dma_heap_get_name	2
0x34bdc674	dma_heap_normal_total	1
0x067e2f47	dma_heap_put	2
0x020f420a	dma_map_page_attrs	1
0x90b51f72	dma_map_sg_attrs	1
0x678b96ec	dma_pool_alloc	1
0xd14f14ff	dma_pool_create	1
0xb5aa7165	dma_pool_destroy	1
0x2f7754a8	dma_pool_free	1
0x0bca31aa	dma_run_dependencies	1
0xbdc9a589	dma_set_coherent_mask	15
0x77561cbf	dma_set_mask	16
0xa5aafd87	dma_sync_sg_for_cpu	4
0x0b175f0a	dma_sync_sg_for_device	5
0x2441982e	dma_sync_single_for_cpu	1
0x25386806	dma_sync_single_for_device	1
0xc30b6f92	dma_unmap_page_attrs	2
0x335a4cc9	dma_unmap_sg_attrs	1
0x4363d3f9	dmabuf_to_sec_id	2
0x9689105e	dmabuf_to_secure_handle	8
0x952664c5	do_exit	3
0x6626afca	down	5
0x81b395b3	down_interruptible	4
0x3355da1c	down_read	3
0x88f5cdef	down_read_trylock	2
0x09682235	down_timeout	2
0xfc7e2596	down_trylock	7
0x28ed2847	down_write	3
0xd486fb9c	downgrade_write	1
0x44456275	driver_create_file	3
0xfc33b996	driver_remove_file	2
0xc6a256d1	driver_unregister	4
0xaab7da79	drm_register_fps_chg_callback	1
0x59e44647	drm_unregister_fps_chg_callback	1
0x6b2dc060	dump_stack	7
0x04cb2fae	dvfsrc_get_required_opp_peak_bw	2
0x513d5988	earphone_notifier_call_chain	1
0x7b1b4a0a	earphone_notifier_register	4
0xfd276c15	earphone_notifier_unregister	4
0x6d68e325	elevator_alloc	1
0x7cb51b56	elv_bio_merge_ok	1
0xd9f7891e	elv_rb_add	1
0x58cd1230	elv_rb_del	1
0xb4e100f6	elv_rb_find	1
0xa79f8e06	elv_rb_former_request	1
0x9d3db8c7	elv_rb_latter_request	1
0x5ad87c4d	elv_register	1
0x13202795	elv_rqhash_add	1
0xf7313ca0	elv_rqhash_del	1
0x706340da	elv_unregister	1
0x042c9a04	em_cpu_get	5
0xfcec0987	enable_irq	20
0x335c570f	enable_percpu_irq	1
0xe708de11	eth_mac_addr	2
0x8209eb00	eth_platform_get_mac_address	2
0x1197a552	eth_type_trans	2
0xc395cc79	eth_validate_addr	3
0xdab095a6	ether_setup	1
0xa030bbd1	ethtool_op_get_link	2
0x86548aab	ethtool_op_get_ts_info	1
0x7c087dd1	event_triggers_call	16
0x23f6655a	failure_tracking	4
0x7dbab506	fd_install	4
0xb33a50a8	feature_table	2
0xd218c924	fget	1
0xa4ad516f	file_path	1
0xe92b8d30	filp_close	1
0x74a419b1	filp_open_block	1
0xdca62649	find_get_pid	2
0xb6a68816	find_last_bit	3
0xc0a3d105	find_next_bit	9
0x479c3c86	find_next_zero_bit	1
0x02f92131	find_task_by_vpid	3
0x806ab898	find_vma	2
0x12aec6f2	find_vpid	1
0x92540fbf	finish_wait	27
0xe8fd8896	flashlight_dev_register_by_device_id	1
0x8287fd03	flashlight_kicker_pbm	1
0xe39abd31	flashlight_pt_is_low	1
0xcb0082ac	flush_dcache_page	1
0x1148c0ea	flush_delayed_work	3
0x4735ac17	flush_work	11
0x42160169	flush_workqueue	12
0x2956bcef	follow_pfn	1
0x058c6377	for_each_kernel_tracepoint	3
0x7c051004	fpsgo_main_trace	1
0x21069395	fpsgo_xgf2ko_calculate_target_fps_fp	1
0x76f71979	fpsgo_xgf2ko_do_recycle_fp	1
0xc0598939	fput	6
0xc1514a3b	free_irq	17
0x4f21dc78	free_netdev	3
0x4302d0eb	free_pages	7
0xeb44339a	free_pages_exact	2
0xc9ec4e21	free_percpu	3
0xbc6bec66	free_percpu_irq	1
0x9b4ab3e7	freezing_slow_path	3
0x8959e3df	freq_qos_add_notifier	1
0x28498a88	freq_qos_add_request	4
0x894967be	freq_qos_remove_request	3
0x2eec24ef	freq_qos_update_request	4
0x065ab09a	frs_data	1
0x855d0cea	fs_bio_set	1
0x53df6247	fstb_can_update_thr	1
0x9d40bced	fstb_consider_deq	1
0xf092ad6d	fstb_event_buffer_size	1
0xf2036ebd	fstb_event_data	1
0xfc4437f6	fstb_event_data_idx	1
0x067b03ad	fstb_fps_choice	1
0xe71cf282	fstb_fps_num	1
0x46028740	fstb_frame_num	1
0x7a113186	fstb_no_r_timer_enable	1
0xaa10801e	fstb_no_stable_thr	1
0xb9a06894	fstb_separate_runtime_enable	1
0x4abf2131	fstb_target_fps_margin_high_fps	1
0xd46466cb	fstb_target_fps_margin_low_fps	1
0xb089cf22	fsync_bdev	1
0xfa90e500	fw_log_wifi_write_log_to_file	1
0x18f0a9e3	gConEmiPhyBase	2
0xf6499c27	gConEmiSize	1
0xdb5ce8e1	gMemdump	1
0xba904856	g_board_id_status	2
0x0dc37ea0	g_key_power_state	1
0x3e2462ea	g_key_volumedown_state	1
0xb626268d	g_key_volumeup_state	1
0x95eacc30	g_mobile_log	1
0x4279d9f2	g_smart_wakeup_flag	4
0x783bfadd	g_tp_detect_typec_flag	4
0x4b7d1cfc	g_tp_detect_usb_flag	4
0xc2e17122	g_tp_round_earphone_in	5
0xbd9832fa	g_tp_typec_earphone_in	4
0x57a7ea4f	g_usernode	1
0x4e6eb722	gce_mminfra	4
0x99fd4b53	gce_shift_bit	3
0x1f1724b1	ged_dvfs_cal_gpu_utilization_ex_fp	1
0xf591cac9	ged_dvfs_get_last_commit_idx	1
0x6bf0c7dc	ged_dvfs_gpu_clock_switch_notify	1
0xe4931974	ged_dvfs_gpu_freq_commit_fp	1
0xe76b433c	ged_dvfs_set_gpu_core_mask_fp	1
0x7d8d0e14	ged_log_buf_alloc	1
0x21173af9	ged_log_buf_print2	1
0xbefa51a3	gen_pool_add_owner	4
0x2b593aa8	gen_pool_alloc_algo_owner	4
0xd0d3f0a4	gen_pool_avail	2
0xb737b185	gen_pool_best_fit	1
0xced0f4d4	gen_pool_create	4
0x6c224cda	gen_pool_destroy	2
0x060ba97c	gen_pool_free_owner	4
0x1f557414	gen_pool_has_addr	2
0x96e5d30f	gen_pool_set_algo	1
0x2464da17	gen_pool_size	3
0x7d0ba682	gen_pool_virt_to_phys	3
0xe2aa8e76	generic_file_llseek	3
0x8050b7b0	generic_mii_ioctl	2
0x9f9bb237	genl_register_family	1
0x78e4183e	genl_unregister_family	1
0x7674c6a1	genlmsg_put	1
0x4698285f	genphy_resume	1
0x1f1f4d4f	get_adsp_core_total	2
0x5f0ee176	get_adsp_semaphore	1
0xc9e0f27d	get_cpu_device	4
0x9fe899b7	get_cpu_idle_time	1
0x7b9793a2	get_cpu_idle_time_us	1
0x1234e483	get_cpu_iowait_time_us	1
0x73a99429	get_cpu_temp	3
0x4eca130a	get_cur_ddr_ratio	1
0xa3e39d8c	get_cur_ddr_ratio_symbol	1
0x54f79951	get_device	1
0xd4a0a2a0	get_each_dmabuf	1
0x618b006f	get_freelist_nr_pages	1
0xb8da8552	get_governor_parent_kobj	1
0x0fbee3af	get_gpueb_ipidev	3
0xc60dde3d	get_low_latency_mode	1
0x73e08ef8	get_mcupm_ipidev	2
0x64ef3f19	get_mcupm_ipidev_symbol	1
0xd3af17a6	get_md1_power	1
0xd15a2984	get_pid_task	1
0x79aa04a2	get_random_bytes	5
0xccb3615c	get_scmi_tinysys_info	6
0x5f12a43b	get_scmi_tinysys_info_symbol	1
0x910340f0	get_scp_ultra_base	1
0x4e682225	get_smcnr_dev	5
0x4f793f59	get_thermal_headroom	1
0x38ad4450	get_tp_enable	4
0xa843805a	get_unused_fd_flags	4
0x03efe018	get_user_pages	1
0x85d15b78	get_user_pages_fast	1
0x8151d0b3	get_user_pages_remote	1
0x49f80a53	get_vcp_generation	2
0xb94fd8af	get_wifi_standalone_log_mode	1
0x76c0396f	gether_update_dl_max_xfer_size	1
0x4b0a3f52	gic_nonsecure_priorities	71
0x01effeca	gov_attr_set_get	1
0xac10b46f	gov_attr_set_init	1
0xd6de6d04	gov_attr_set_put	1
0x16578d01	governor_sysfs_ops	1
0x7ec58d17	gpio_dump_regs	1
0xfe990052	gpio_free	6
0x47229b5c	gpio_request	8
0x403f9529	gpio_request_one	2
0x2c531865	gpio_to_desc	12
0x1a93828e	gpiod_direction_input	3
0x63baf885	gpiod_direction_output_raw	8
0x9a7402a8	gpiod_get_raw_value	6
0x7221e927	gpiod_set_debounce	1
0xfbc84afe	gpiod_set_raw_value	4
0x0a471896	gpiod_to_irq	6
0x41335ad1	gpu_misc_register_gpudfd_fp	1
0xf4ea5430	gpueb_dump_status	1
0xa3c8b3eb	gpueb_get_recv_PIN_ID_by_name	1
0xc198ee9a	gpueb_get_reserve_mem_phys_by_name	1
0x8654170c	gpueb_get_reserve_mem_size_by_name	1
0x030a5b06	gpueb_get_reserve_mem_virt_by_name	1
0x2fae0e87	gpueb_get_send_PIN_ID_by_name	3
0x948f7216	gpueb_trigger_wdt	1
0xfb01b4e5	gpufreq_bringup	2
0xbd17a731	gpufreq_check_bus_idle	1
0x83a878ce	gpufreq_commit	1
0x665829f8	gpufreq_dump_infra_status	1
0xb886d41f	gpufreq_get_core_mask_table	1
0x3e1ed8a9	gpufreq_get_core_num	1
0x0bfda5a8	gpufreq_get_cur_freq	2
0xd3329da2	gpufreq_get_cur_limit_idx	1
0xde236815	gpufreq_get_cur_limiter	1
0xc2fa1ae0	gpufreq_get_cur_oppidx	3
0xdffed6fb	gpufreq_get_cur_volt	2
0x608e0767	gpufreq_get_dvfs_state	1
0xd887beae	gpufreq_get_dynamic_power	2
0x686d006d	gpufreq_get_freq_by_idx	2
0x1ce31752	gpufreq_get_leakage_power	2
0x484164d5	gpufreq_get_opp_num	2
0xfc97a9d7	gpufreq_get_oppidx_by_freq	1
0x170611ee	gpufreq_get_power_by_idx	1
0xdef472f1	gpufreq_get_power_state	1
0x82667f4d	gpufreq_get_shader_present	1
0x6a67ffb2	gpufreq_get_working_table	1
0x6c1dc1dd	gpufreq_hardstop_dump_slog	1
0xc615ea7e	gpufreq_power_control	1
0xea926b14	gpufreq_power_ctrl_enable	1
0x06029387	gpufreq_register_gpufreq_fp	1
0xe81caeb6	gpufreq_register_gpuppm_fp	1
0x48f7ed02	gpufreq_set_limit	2
0x919ba831	gpufreq_set_timestamp	1
0x47aad3b9	have_governor_per_policy	1
0x7129e5f8	hex_asc	1
0xfe916dc6	hex_dump_to_buffer	2
0x11f7ed4c	hex_to_bin	1
0xa795f41e	hf_device_register	1
0xd92c085f	hf_device_unregister	1
0xee17b74f	hf_manager_create	1
0xb407d575	hf_manager_destroy	1
0xdebf52c0	hook_ipi_queue_recv_msg_hanlder	1
0x4ab79e90	hook_ipi_queue_send_msg_handler	1
0x332a272d	hook_scp_ipi_queue_recv_msg_handler	1
0x0ecd991f	hrtimer_active	1
0xcc69bd8c	hrtimer_cancel	16
0x76c41756	hrtimer_forward	14
0x3ebd5214	hrtimer_init	18
0x939fc2ef	hrtimer_start_range_ns	17
0xef93df4b	hrtimer_try_to_cancel	3
0x8f471ada	i2c_del_driver	12
0x4f72f07e	i2c_register_driver	12
0x5b8aa93e	i2c_smbus_read_i2c_block_data	1
0x32b7680d	i2c_smbus_write_i2c_block_data	1
0x0f184be6	i2c_transfer	6
0xb86fd3a1	i2c_transfer_buffer_flags	5
0x07a457ff	ib_notifier_register	1
0xf7ea698b	ib_notifier_unregister	1
0x276152a6	icc_put	1
0x3cdad6c5	icc_set_bw	3
0xe7a02573	ida_alloc_range	1
0xffb7c514	ida_free	1
0xb8f11603	idr_alloc	2
0x8e17b3ae	idr_destroy	2
0x20978fb9	idr_find	2
0x1d40b6f3	idr_for_each	2
0x7665a95b	idr_remove	2
0xc1b99792	ieee80211_channel_to_freq_khz	1
0x02016da9	ieee80211_get_channel_khz	1
0xc5dcacef	ieee80211_operating_class_to_band	1
0x35b59c88	iio_channel_get	1
0x5f529dc8	iio_get_channel_type	1
0xec9926ee	iio_read_channel_attribute	1
0x4e863092	iio_read_channel_processed	6
0x7fdcbbc0	iio_read_channel_raw	2
0x620ed178	inc_zone_page_state	1
0xc427c067	init_net	3
0xb0730485	init_pseudo	1
0xb1307de2	init_task	2
0x79cf5987	init_timer_key	37
0xfe487975	init_wait_entry	27
0xe3db3c44	input_allocate_device	7
0x3b938c8d	input_event	7
0xd329e1c6	input_free_device	5
0x8bdf6c84	input_mt_init_slots	4
0x3fcaa46c	input_mt_report_slot_state	4
0xff775d7a	input_register_device	7
0x837ac1f4	input_set_abs_params	4
0x5bfaa8d0	input_set_capability	5
0xdf5b2f63	input_unregister_device	6
0xc7da062f	iomem_resource	2
0xf078061e	iommu_get_domain_for_dev	3
0x2ed2f8f1	iommu_iova_to_phys	1
0xedc03953	iounmap	11
0x1dc20326	ipi_monitor_dump	2
0xf3e64fe1	iput	1
0xf8968adc	irq_create_of_mapping	1
0xd67517d1	irq_get_irq_data	3
0x1d222ced	irq_get_irqchip_state	2
0xcc23d1e5	irq_of_parse_and_map	19
0x0bc477a2	irq_set_irq_type	2
0xce2840e7	irq_set_irq_wake	14
0x45355328	irq_to_desc	4
0xd36ebd12	irq_work_queue	1
0x541bd60a	irq_work_run	1
0xf361a95b	irq_work_sync	1
0x7918e695	is_adsp_genpool_addr_valid	1
0xd82032f9	is_adsp_ready	1
0x95dc84bf	is_afe_need_triggered	1
0x1cd8c970	is_audio_mbox_init_done	1
0x25486d23	is_audio_task_dsp_ready	2
0x8daea7e0	is_disable_map_sec	4
0xabcf70c3	is_dma_buf_file	1
0x693292e9	is_gpu_ged_log_enable	1
0x2c47e6ff	is_mtk_mm_heap_dmabuf	1
0xfde3ffa8	is_mtk_sec_heap_dmabuf	1
0x9299c2ef	is_scp_audio_ready	1
0x7a476cf5	is_scp_genpool_addr_valid	1
0x2aeafb62	is_scp_ready	4
0xccdd187e	is_suspending	1
0xdefe65c2	is_system_heap_dmabuf	1
0x081656ab	is_vcp_ready	2
0x7371390e	iterate_fd	1
0x15ba50a6	jiffies	27
0xb1ddf995	jiffies_64_to_clock_t	1
0x37befc70	jiffies_to_msecs	11
0xa6f6226c	kasan_flag_enabled	5
0xc679d809	kern_mount	1
0x5ec05ca1	kern_unmount	1
0xb58aeaab	kernel_cpustat	1
0xbe169a2d	kernel_kobj	7
0x1e7bbcb3	kernel_restart	1
0x6df1aaf1	kernel_sigaction	1
0xd152ded2	kernfs_path_from_node	1
0x037a0cba	kfree	89
0xf474fdcb	kfree_const	1
0xd0760fc0	kfree_sensitive	1
0x6f594009	kfree_skb	3
0x01a718fc	kicker_pbm_by_flash	1
0xab16b734	kill_anon_super	1
0xe4bbc1dd	kimage_voffset	9
0x8900b200	kmalloc_caches	74
0xb8b9f817	kmalloc_order_trace	22
0x4ba1ee76	kmem_cache_alloc	4
0xb38391e9	kmem_cache_alloc_trace	74
0x612f3d20	kmem_cache_create	4
0xae4b2889	kmem_cache_destroy	4
0xd419eeb6	kmem_cache_free	4
0xf5f7b498	kobject_add	1
0x177f5d51	kobject_create_and_add	12
0xf524bddc	kobject_del	2
0x1b34c307	kobject_get	1
0xf6b0c7cb	kobject_init	1
0xef1d7977	kobject_init_and_add	1
0x91b9ec8d	kobject_put	13
0x8948c619	kobject_uevent	8
0x229a20fd	kobject_uevent_env	2
0xb1e12d81	krealloc	5
0x2d39b0a7	kstrdup	4
0x365e7911	kstrdup_const	1
0x9eacf8a5	kstrndup	4
0xe0875eb1	kstrtobool	1
0xda9fc7ae	kstrtobool_from_user	1
0x2276db98	kstrtoint	22
0x23c9891c	kstrtoint_from_user	1
0x779a18af	kstrtoll	9
0x7b0192da	kstrtou16	3
0x46045dd7	kstrtou8	5
0x69ad2f20	kstrtouint	28
0xfcb926cd	kstrtouint_from_user	3
0x8a6af65c	kstrtoul_from_user	1
0x3c80c06c	kstrtoull	7
0x55c76a23	ksys_sync_helper	1
0x18af30df	kthread_bind	3
0x04408b30	kthread_bind_mask	1
0xac14d997	kthread_blkcg	1
0x02190f89	kthread_cancel_work_sync	1
0xd9aa98a4	kthread_create_on_node	27
0xf98fd8ef	kthread_flush_work	1
0xae6080fa	kthread_flush_worker	2
0xc643be43	kthread_queue_work	3
0xb3f7646e	kthread_should_stop	16
0x2b7ddd11	kthread_stop	11
0x955b0e2e	kthread_worker_fn	3
0xb43f9365	ktime_get	25
0x6ebe366f	ktime_get_mono_fast_ns	1
0x9714e0bb	ktime_get_raw	2
0x1edb69d6	ktime_get_raw_ts64	1
0x953e1b9e	ktime_get_real_seconds	1
0x9ec6ca96	ktime_get_real_ts64	14
0x5e515be6	ktime_get_ts64	10
0xc4f0da12	ktime_get_with_offset	11
0x7aa1756e	kvfree	6
0xbaf22757	kvfree_call_rcu	2
0x599fb41c	kvmalloc_node	2
0x2dd86642	lbat_user_register	2
0xcba4abe3	list_sort	2
0x84dad270	lpm_callee_get_impl	1
0xfbf4008c	lpm_callee_registry	1
0xdca31a84	lpm_cpuidle_fs_deinit	1
0x7061173d	lpm_cpuidle_fs_init	1
0x9c25b4ec	lpm_dbg_common_fs_exit	1
0x426cfd21	lpm_dbg_common_fs_init	1
0x3166d535	lpm_dbg_deinit	1
0x3b6e26b2	lpm_dbg_init	1
0x53424dc1	lpm_dbg_plat_ops_register	1
0xd7d71da8	lpm_dbg_pm_exit	1
0x293b7ef1	lpm_dbg_pm_init	1
0xa6a6d090	lpm_issuer_register	1
0x917c43bc	lpm_logger_deinit	1
0x551e175b	lpm_logger_init	1
0x9b514203	lpm_notifier_register	1
0x223ebf24	lpm_notifier_unregister	1
0x79b80d2c	lpm_platform_trace_get	1
0xbd772355	lpm_pwr_gs_common_deinit	1
0x865c7ee9	lpm_pwr_gs_common_init	1
0xa6b8679f	lpm_pwr_gs_compare	1
0xf25fa57a	lpm_pwr_gs_compare_by_type	1
0xbc167051	lpm_pwr_gs_compare_init	1
0x6dfb3eb5	lpm_rc_fs_deinit	1
0x0ee71ccf	lpm_rc_fs_init	1
0x42337187	lpm_spm_base	1
0xee638774	lpm_suspend_registry	1
0x822c124d	lpm_suspend_type_get	2
0x07e14d2c	mbox_controller_register	1
0x91ba3f34	mbox_controller_unregister	1
0x2823696b	mcupm_reserve_mem_get_phys	1
0xd2dd163c	mcupm_reserve_mem_get_phys_symbol	1
0xafb63a66	mcupm_reserve_mem_get_size	1
0x467e78b5	mcupm_reserve_mem_get_size_symbol	1
0xbd44a046	mcupm_reserve_mem_get_virt	1
0xc730da4f	mcupm_reserve_mem_get_virt_symbol	1
0xe53bf6f7	mdiobus_alloc_size	1
0x1b7da5e7	mdiobus_free	1
0x2ee5d23a	mdiobus_unregister	1
0x9474dd05	mdp_funcs	1
0xaa00f149	mdp_get_group_isp	1
0x35fd62b8	media_device_init	1
0x2f4b25cb	media_device_unregister	1
0x0744b735	media_entity_pads_init	2
0x449ad0a7	memcmp	2
0x4829a47e	memcpy	56
0x9291cd3b	memdup_user	2
0x5a9f1d63	memmove	4
0x27864d57	memparse	1
0x4d924f20	memremap	1
0xdcb764ad	memset	81
0xed8a2d95	memset64	1
0x9688de8b	memstart_addr	15
0x9e9fdd9d	memunmap	1
0xfa02bc74	met_backlight_api_ready	1
0x7d5e27ab	met_deregister	3
0x2422b546	met_emi_api_ready	1
0x2c5fa553	met_gpu_adv_api_ready	1
0x3f751732	met_gpu_api_ready	1
0xfdfce2cf	met_ipi_api_ready	1
0xf664200f	met_mcupm_api_ready	1
0x45299c91	met_mcupm_log_init	2
0x32c08f70	met_mcupm_log_uninit	2
0x1a11b568	met_ondiemet_attr_init_mcupm	2
0xe5e6e517	met_ondiemet_attr_init_sspm	2
0x3e612188	met_ondiemet_attr_uninit_mcupm	2
0x21d1a3e4	met_ondiemet_attr_uninit_sspm	2
0x36cd9255	met_register	3
0x1c8820b5	met_scmi_api_ready	1
0x8a17e102	met_sspm_api_ready	1
0x6625356b	met_sspm_emi	3
0xbd7aea3b	met_sspm_log_init	2
0xdf4ef749	met_sspm_log_uninit	2
0x984d106e	met_vcore_api_ready	1
0x04cb41e8	migrate_swap	1
0x81b02588	mii_check_media	1
0x51423689	mii_ethtool_get_link_ksettings	1
0xd0e29d9c	mii_ethtool_gset	2
0x4dd2466b	mii_ethtool_set_link_ksettings	1
0x820f4b6c	mii_link_ok	1
0xa782262b	mii_nway_restart	2
0xdcef2da4	misc_deregister	9
0x6331d19e	misc_register	18
0x899ea9dc	mmprofile_enable	2
0x560a0e63	mmprofile_enable_event_recursive	2
0xd77d7c9c	mmprofile_log_ex	2
0x7ffb1903	mmprofile_register_event	2
0xda38583a	mmprofile_start	2
0x260c14c0	mmup_enable_count	1
0xc4f47221	mod_delayed_work_on	3
0x72cd0f7f	mod_timer	14
0x8148b88e	mod_timer_pending	1
0x7c24b32d	module_layout	173
0x2f166344	module_put	2
0xdd115996	mrdump_mini_add_extra_file	2
0x5c8225c7	mrdump_set_extra_dump	1
0xf9a482f9	msleep	35
0xcc5005fe	msleep_interruptible	5
0x27d59f82	mt6358_accdet_init	1
0xbdf4603d	mt6358_accdet_late_init	1
0x98cdd568	mt6358_set_codec_ops	1
0x49591e7c	mt6358_set_mtkaif_protocol	1
0x6c066ce6	mt6789_adda_dl_gain_control	1
0x8cca477c	mt6789_afe_gpio_request	1
0x20927df6	mt6789_enable_dc_compensation	1
0x68568744	mt6789_set_lch_dc_compensation	1
0x7b1ab032	mt6789_set_rch_dc_compensation	1
0xd088589b	mt_get_abist_freq	1
0x528b5b23	mt_get_ckgen_freq	1
0xce550b6f	mt_get_fmeter_clks	1
0x3a9b085b	mt_get_fmeter_freq	3
0x88959eec	mt_get_fmeter_id	1
0x14de1090	mt_irq_dump_status	3
0xd602ce35	mt_pwm_disable	1
0x6e0842ad	mtk_adsp_allocate_mem	1
0x7e2b9bce	mtk_adsp_free_mem	1
0x3f40368d	mtk_afe_add_sub_dai_control	1
0x364652dc	mtk_afe_combine_sub_dai	1
0xd34ed280	mtk_afe_debug_write_reg	1
0x0d66d886	mtk_afe_debugfs_open	1
0xa0492217	mtk_afe_debugfs_write	1
0x6d80772e	mtk_afe_fe_hw_free	1
0xd2f849bc	mtk_afe_fe_hw_params	1
0xf3a5bec3	mtk_afe_fe_prepare	1
0x23b54afc	mtk_afe_pcm_copy_user	1
0x2e145796	mtk_afe_pcm_free	1
0x5f0804c5	mtk_afe_pcm_new	1
0x1b87e879	mtk_afe_pcm_open	1
0x4683cc5f	mtk_afe_pcm_pointer	1
0x7b98e5b2	mtk_afe_write_reg	1
0x0db86e40	mtk_audio_sram_get_size	1
0x1ef0d0ae	mtk_audio_sram_init	1
0x0192f3c8	mtk_btag_mictx_enable	1
0x50893629	mtk_btag_mictx_get_data	1
0x93263291	mtk_btif_exp_rx_has_pending_data	1
0xcc327bce	mtk_btif_exp_rx_thread_get	1
0x08f6325f	mtk_btif_exp_tx_has_pending_data	1
0xde2fadca	mtk_cmdq_log	2
0xae0929d0	mtk_cpu_util	1
0xa55169a3	mtk_cpuidle_sysfs_entry_node_add	1
0xe93acd86	mtk_cpuidle_sysfs_root_entry_create	1
0x58cb358f	mtk_cpuidle_sysfs_sub_entry_add	1
0xbd0884bb	mtk_cpuidle_sysfs_sub_entry_node_add	1
0xd899a911	mtk_cpupm_dbg_exit	1
0x4221fde6	mtk_cpupm_dbg_init	1
0xfcadd21b	mtk_custom_boost_gpu_freq	1
0x6334feef	mtk_custom_boost_gpu_freq_fp	1
0xcb1598f4	mtk_custom_get_gpu_freq_level_count	1
0xcbfd0482	mtk_custom_get_gpu_freq_level_count_fp	1
0xdbc1789a	mtk_custom_upbound_gpu_freq	1
0x6d9b18a1	mtk_custom_upbound_gpu_freq_fp	1
0x4c353ac0	mtk_disp_notifier_register	6
0xa11ab00a	mtk_disp_notifier_unregister	6
0xcac92212	mtk_dma_buf_set_name	2
0x02e9e311	mtk_dma_sync_sg_range	2
0x1beede31	mtk_dprec_logger_pr	1
0x42f242bb	mtk_dramc_get_data_rate	2
0x26c72c2b	mtk_dramc_get_data_rate_symbol	1
0x82de2cf6	mtk_dramc_get_ddr_type	2
0xba2d8f7b	mtk_dramc_get_ddr_type_symbol	1
0x458ec8f9	mtk_dramc_get_steps_freq	2
0xd839694b	mtk_drm_disp_mtee_cb_init	1
0xc911b66b	mtk_drm_disp_sec_cb_init	1
0xb1db2696	mtk_dvfs_loading_mode	1
0x276fb9c7	mtk_dvfs_loading_mode_fp	1
0x8f2b1460	mtk_dvfs_margin_value	1
0x4e3844bd	mtk_dvfs_margin_value_fp	1
0xa440e0e3	mtk_dvfsrc_query_opp_info	1
0xac9e51a2	mtk_dynamic_irq_acquire	1
0x8ffca288	mtk_dynamic_irq_release	1
0xd702d989	mtk_emicen_get_ch_cnt	1
0x51b8698f	mtk_emidbg_dump	1
0x4a1363ad	mtk_emimpu_free_region	3
0x888530e1	mtk_emimpu_init_region	3
0xe0a1e544	mtk_emimpu_set_addr	3
0x32e08685	mtk_emimpu_set_apc	3
0xc6f885b7	mtk_emimpu_set_protection	3
0xf7d429ff	mtk_exporter_init	1
0x9adb28d9	mtk_fh_set_rate	2
0x0530033f	mtk_get_bottom_gpu_freq	1
0x89a3b84a	mtk_get_bottom_gpu_freq_fp	1
0x79b8c727	mtk_get_custom_boost_gpu_freq	1
0x1e911310	mtk_get_custom_boost_gpu_freq_fp	1
0x482ac7c9	mtk_get_custom_upbound_gpu_freq	1
0x1f7665cf	mtk_get_custom_upbound_gpu_freq_fp	1
0x25f85cbd	mtk_get_dvfs_loading_mode	1
0x89dde4cc	mtk_get_dvfs_loading_mode_fp	1
0xc1c7417f	mtk_get_dvfs_margin_value	1
0x39642b13	mtk_get_dvfs_margin_value_fp	1
0x7f5fd89d	mtk_get_fastdvfs_mode	1
0xa2101a76	mtk_get_fastdvfs_mode_fp	1
0xac2fe36d	mtk_get_gpu_block	2
0xf45a66ac	mtk_get_gpu_block_fp	1
0x2c38f791	mtk_get_gpu_block_symbol	1
0xedd59a63	mtk_get_gpu_bottom_freq	1
0x872e1854	mtk_get_gpu_bottom_freq_fp	1
0xd9d37455	mtk_get_gpu_ceiling_index	2
0xcf829ccb	mtk_get_gpu_ceiling_index_symbol	1
0x3c66bf5e	mtk_get_gpu_ceiling_limiter	1
0x54c387db	mtk_get_gpu_ceiling_limiter_symbol	1
0xab1939c2	mtk_get_gpu_cur_freq	1
0x494e8318	mtk_get_gpu_cur_freq_fp	1
0xd05921a6	mtk_get_gpu_cur_freq_symbol	1
0xe687bb7c	mtk_get_gpu_cur_oppidx	1
0xd198fa9a	mtk_get_gpu_cur_oppidx_fp	1
0x70b5d24c	mtk_get_gpu_cur_oppidx_symbol	1
0x4b4a51fd	mtk_get_gpu_floor_index	1
0x72aee08d	mtk_get_gpu_floor_index_symbol	1
0xd53f6b2e	mtk_get_gpu_floor_limiter	1
0xaf7d83a0	mtk_get_gpu_floor_limiter_symbol	1
0xb004e4df	mtk_get_gpu_idle	2
0x7ec8fead	mtk_get_gpu_idle_fp	1
0xa8ebe0fb	mtk_get_gpu_idle_symbol	1
0xbfe1810d	mtk_get_gpu_limit_index_fp	1
0xae203d8c	mtk_get_gpu_limiter_fp	1
0x5bc52a09	mtk_get_gpu_loading	4
0xc9568513	mtk_get_gpu_loading_fp	1
0x72b028e3	mtk_get_gpu_loading_symbol	1
0xdf1f2919	mtk_get_gpu_memory_usage	1
0x077ea4aa	mtk_get_gpu_memory_usage_fp	1
0x2076be89	mtk_get_gpu_pmu_deinit	1
0xd8d5d4a4	mtk_get_gpu_pmu_deinit_fp	1
0x4ec40cd3	mtk_get_gpu_pmu_deinit_symbol	1
0xedbcc342	mtk_get_gpu_pmu_init	1
0x4f86ba0f	mtk_get_gpu_pmu_init_fp	1
0x4c24332f	mtk_get_gpu_pmu_init_symbol	1
0xbbd771ba	mtk_get_gpu_pmu_swapnreset	1
0x48b99f36	mtk_get_gpu_pmu_swapnreset_fp	1
0xb0ecae0d	mtk_get_gpu_pmu_swapnreset_stop	1
0x577190b7	mtk_get_gpu_pmu_swapnreset_stop_fp	1
0xd59b63bf	mtk_get_gpu_pmu_swapnreset_stop_symbol	1
0xce385e13	mtk_get_gpu_pmu_swapnreset_symbol	1
0x2418f7e9	mtk_get_ipi_buf_scene_adsp	1
0x19294748	mtk_get_ipi_buf_scene_rv	1
0x5875d7da	mtk_get_leakage	1
0xe56161ea	mtk_get_loading_base_dvfs_step	1
0x4526daa5	mtk_get_loading_base_dvfs_step_fp	1
0x69389f2d	mtk_get_mmap_dl_buffer	1
0x091c9fc8	mtk_get_mmap_dl_fd	1
0xdbde3794	mtk_get_mmap_ul_buffer	1
0xf485db6f	mtk_get_mmap_ul_fd	1
0x0090a9e8	mtk_get_timer_base_dvfs_margin	1
0xad5413dd	mtk_get_timer_base_dvfs_margin_fp	1
0x1aa07309	mtk_gether_cleanup	1
0x4a2ddf1e	mtk_gether_connect	1
0x75044346	mtk_gether_disconnect	1
0x882509c1	mtk_gether_get_dev_addr	1
0x98849fab	mtk_gether_get_host_addr	1
0x35d7e417	mtk_gether_get_host_addr_u8	1
0x98f9d188	mtk_gether_get_ifname	1
0x7384029e	mtk_gether_get_qmult	1
0xd289a5af	mtk_gether_register_netdev	1
0x5de6cbb3	mtk_gether_set_dev_addr	1
0x984b46a8	mtk_gether_set_gadget	1
0x240e05b2	mtk_gether_set_host_addr	1
0x249e60ff	mtk_gether_set_qmult	1
0xa952adbd	mtk_gether_setup_name_default	1
0x5c0ddd98	mtk_gpu_fence_debug_dump	1
0xa158b102	mtk_gpu_fence_debug_dump_fp	1
0x7ac98637	mtk_gpueb_power_modle_cmd	1
0x0a7a1514	mtk_icc_get	1
0x301133a9	mtk_icc_set_bw	6
0xb462d2bc	mtk_icc_set_bw_not_update	2
0x79146c3e	mtk_iommu_register_fault_callback	3
0xd477e011	mtk_iommu_sec_init	1
0x044204cb	mtk_ipi_device_register	4
0x4367387e	mtk_ipi_recv	1
0x5f4c1ab0	mtk_ipi_recv_reply	1
0x2f051ba1	mtk_ipi_recv_reply_symbol	1
0xa183ffc0	mtk_ipi_register	14
0xb8467937	mtk_ipi_register_symbol	1
0xc2db6a1a	mtk_ipi_send	8
0xb2ebd287	mtk_ipi_send_compl	7
0x0c674a10	mtk_ipi_send_compl_symbol	1
0xae5777c5	mtk_ipi_send_symbol	1
0xb052ffc0	mtk_ipi_tracking	1
0xcfe23e6f	mtk_ipi_unregister	2
0x6f252565	mtk_ipi_unregister_symbol	1
0x46a9c642	mtk_irq_set_disable	1
0x8148fc7e	mtk_irq_set_enable	1
0x9d282f02	mtk_leds_register_notifier	1
0x130d9316	mtk_leds_register_notifier_symbol	1
0xf79d16ab	mtk_leds_unregister_notifier	1
0xa481015e	mtk_leds_unregister_notifier_symbol	1
0x837aa15b	mtk_loading_base_dvfs_step	1
0x62d513cd	mtk_loading_base_dvfs_step_fp	1
0x55067d21	mtk_lp_sysfs_entry_func_create	1
0x7c5ba4c8	mtk_lp_sysfs_entry_func_node_add	1
0x12d88946	mtk_lpm_sysfs_entry_node_remove	1
0xef93aa82	mtk_lpm_sysfs_root_entry_create	1
0x12c27859	mtk_lpm_sysfs_sub_entry_add	1
0x09bd7da0	mtk_lpm_sysfs_sub_entry_node_add	1
0x5e214817	mtk_ltr_gpu_pmu_start	1
0xa9ae58c9	mtk_ltr_gpu_pmu_start_fp	1
0xd5637474	mtk_ltr_gpu_pmu_stop	2
0x26dbd395	mtk_ltr_gpu_pmu_stop_fp	1
0x60d3e684	mtk_map_util_freq	1
0xe88582fd	mtk_mbox_check_send_irq	4
0x1e5cc3e3	mtk_mbox_dump_recv_pin	2
0x8297c1ac	mtk_mbox_polling	1
0x2dbdee8f	mtk_mbox_probe	6
0xe610577f	mtk_mbox_read	3
0x2411887c	mtk_mbox_read_recv_irq	2
0x4921cdf6	mtk_mbox_reset_record	1
0x9c1f3bff	mtk_mbox_trigger_irq	3
0x6e2c27ee	mtk_mbox_write	3
0xd5008a3d	mtk_mbox_write_hd	2
0xa2f6cef6	mtk_memif_set_addr	1
0x078ff964	mtk_memif_set_disable	1
0xf99ac370	mtk_memif_set_enable	1
0xbb6095f4	mtk_memif_set_pbuf_size	1
0x58fc193b	mtk_mmqos_system_qos_update	1
0x0279e4f6	mtk_notify_gpu_freq_change	2
0x3692d973	mtk_notify_gpu_freq_change_fp	1
0xd197876c	mtk_register_gpu_power_change	2
0x07c1fecd	mtk_register_swpm_ops	1
0x8681cb8c	mtk_regmap_update_bits	1
0x9db1ebcc	mtk_rpmsg_create_channel	1
0xe235ffb6	mtk_rpmsg_create_device	1
0x4b0f4e60	mtk_s2idle_state_enable	1
0x78d046cd	mtk_scp_allocate_mem	1
0xf4493cfb	mtk_scp_free_mem	1
0xa3723568	mtk_set_bottom_gpu_freq	1
0x02adb4e4	mtk_set_bottom_gpu_freq_fp	1
0xe920b044	mtk_set_fastdvfs_mode	1
0x3f8981d2	mtk_set_fastdvfs_mode_fp	1
0x086c39c4	mtk_set_gpu_idle	1
0x3b0da3a7	mtk_set_gpu_idle_fp	1
0x49ac0775	mtk_smem_init	2
0x689f7bde	mtk_smi_dbg_hang_detect	6
0x0cd51263	mtk_smi_larb_get	10
0x132bb2fe	mtk_smi_larb_put	10
0xad7b8804	mtk_sp_clean_written_buffer_ack	1
0xcec4f420	mtk_spk_get_i2s_in_type	1
0x4bd92e79	mtk_spk_get_i2s_out_type	1
0x3c4989b8	mtk_spk_get_type	1
0x2e43b272	mtk_spk_recv_ipi_buf_from_dsp	2
0x1085e486	mtk_spk_send_ipi_buf_to_dsp	2
0x53bb1cae	mtk_spk_set_type	2
0x9cb71af4	mtk_spk_update_info	1
0xda472c36	mtk_spm_sysfs_entry_node_add	2
0x653b329e	mtk_spm_sysfs_root_entry_create	2
0xa5cd22db	mtk_suspend_sysfs_entry_node_add	1
0x81ec4014	mtk_suspend_sysfs_root_entry_create	1
0x7fcb5eb0	mtk_swpm_gpu_pm_start	1
0x4e1cc5c4	mtk_swpm_gpu_pm_start_fp	1
0x57132996	mtk_swpm_sysfs_entry_func_node_add	2
0x41d6caa8	mtk_timer_base_dvfs_margin	1
0xa8c8588a	mtk_timer_base_dvfs_margin_fp	1
0xf95d44ce	mtk_unregister_gpu_power_change	1
0x313401e5	mtk_v4l2_dbg_level	2
0x480ae912	mtk_vcodec_add_ctx_list	2
0x1431f63f	mtk_vcodec_alloc_mem	2
0x8de528fb	mtk_vcodec_dbg	2
0xefbc01c9	mtk_vcodec_dec_irq_setup	1
0x8c41916a	mtk_vcodec_del_ctx_list	2
0xd20e4f65	mtk_vcodec_enc_irq_setup	1
0x77acb250	mtk_vcodec_free_mem	2
0xc9ab4b6a	mtk_vcodec_gce_timeout_dump	2
0xa7e24aa5	mtk_vcodec_get_enc_reg_addr	1
0x55cfa2c6	mtk_vcodec_get_fb	1
0x77f7811a	mtk_vcodec_perf	2
0x57624796	mtk_vcodec_set_curr_ctx	1
0x9d386f98	mtk_vcodec_set_log	2
0x7d817ffb	mtk_vcodec_vcp	3
0x939dd63c	mtk_vcodec_wait_for_done_ctx	2
0x4144fca1	mtk_vdec_property	1
0xcd4810da	mtk_vdec_sw_mem_sec	1
0xe395f0a0	mtk_vdec_vcp_log	1
0xed40812a	mtk_venc_property	1
0x5b113b8b	mtk_venc_vcp_log	1
0x05b602b4	mtk_wcn_btif_close	1
0xf8c1afa1	mtk_wcn_btif_dbg_ctrl	1
0xd54d6da4	mtk_wcn_btif_dpidle_ctrl	1
0xa0fcb7c0	mtk_wcn_btif_loopback_ctrl	1
0xb32f99b1	mtk_wcn_btif_open	1
0xe9a009d3	mtk_wcn_btif_parser_wmt_evt	1
0x2e8a2538	mtk_wcn_btif_rx_cb_register	1
0x30b59ea8	mtk_wcn_btif_wakeup_consys	1
0x281ca2ad	mtk_wcn_btif_write	1
0xccf21e34	mtk_wcn_cmb_sdio_pm_cb	1
0x21c68dad	mtk_wcn_cmb_sdio_pm_data	1
0xbb7925e6	mtk_wcn_consys_hw_wifi_paldo_ctrl	1
0x1aee7536	mtk_wcn_set_connsys_power_off_flag	1
0xbd9c94a3	mtk_wcn_stp_is_ready	2
0xd5b8287f	mtk_wcn_stp_is_rxqueue_empty	1
0x7ef22447	mtk_wcn_stp_receive_data	3
0xb095001c	mtk_wcn_stp_register_event_cb	3
0xe471e19a	mtk_wcn_stp_send_data	3
0xcd5cff60	mtk_wcn_stp_set_bluez	1
0xb0390b96	mtk_wcn_wmt_adie_workable	1
0xc6e7b645	mtk_wcn_wmt_assert	2
0x6290dec0	mtk_wcn_wmt_assert_keyword	1
0x6ef57895	mtk_wcn_wmt_chipid_query	1
0x20744741	mtk_wcn_wmt_co_clock_flag_get	1
0x445f1156	mtk_wcn_wmt_do_reset_only	1
0xd977b15b	mtk_wcn_wmt_func_off	4
0x7d6e061e	mtk_wcn_wmt_func_on	4
0xd9b4c129	mtk_wcn_wmt_ic_info_get	4
0x473c2ee3	mtk_wcn_wmt_mpu_lock_aquire	1
0x75637533	mtk_wcn_wmt_mpu_lock_release	1
0xac8387ca	mtk_wcn_wmt_msgcb_reg	4
0x8c78a087	mtk_wcn_wmt_msgcb_unreg	3
0x14734572	mtk_wcn_wmt_psm_ctrl	1
0xf6f3f906	mtk_wcn_wmt_wlan_reg	1
0x6c73b212	mtk_wcn_wmt_wlan_unreg	1
0x210c94ae	mtk_wmt_get_gps_lna_pin_num	1
0xe4816910	mtk_wmt_gps_l1_suspend_ctrl	1
0x950b733a	mtk_wmt_gps_l5_suspend_ctrl	1
0xe652920d	mtk_wmt_gps_mcu_ctrl	1
0x3d6dd0aa	mutex_is_locked	5
0xeb9065d9	mutex_lock	86
0xf4124677	mutex_lock_interruptible	3
0xf0e95d9a	mutex_lock_killable	3
0x78c7940d	mutex_trylock	8
0xe8b268ae	mutex_unlock	89
0x06387f2f	n_tty_ioctl_helper	1
0xcc41e24d	napi_gro_flush	1
0x78410393	napi_gro_receive	1
0x6d2fc5a6	net_namespace_list	1
0x46299167	netdev_err	2
0x756da890	netdev_info	2
0x61b39b82	netdev_warn	2
0x5bda3b15	netif_carrier_off	3
0x07f2a14f	netif_carrier_on	4
0x9a67d656	netif_device_attach	1
0x7b1158b9	netif_device_detach	1
0x943208f4	netif_napi_add	1
0x6b8bf149	netif_receive_skb_list	1
0x73f87d29	netif_rx	1
0x1ac5c37e	netif_rx_ni	2
0x013b7be4	netif_tx_stop_all_queues	1
0x868b628d	netif_tx_wake_queue	3
0xb0b08751	netlink_kernel_release	1
0xd402e883	netlink_unicast	1
0xcf65aa3a	nla_put	2
0x06f78276	nla_put_nohdr	1
0xb8888b15	no_llseek	3
0x82885f25	nonseekable_open	10
0x2f59a855	notify_3way_semaphore_control	2
0xb8b94ae2	notify_allocate_mem	1
0x09322005	notify_xgf_ko_ready	1
0x017de3d5	nr_cpu_ids	24
0x1e1e140e	ns_to_timespec64	3
0xffae8e8b	nsecs_to_jiffies	2
0x75dea444	nvmem_cell_get	3
0x85540ebc	nvmem_cell_put	3
0x99f018c4	nvmem_cell_read	4
0xc697b0f7	nvmem_device_read	3
0xf6ceff9a	of_address_to_resource	4
0x78a4c178	of_clk_get	2
0xc7b5b50e	of_clk_get_by_name	2
0x39846f3f	of_count_phandle_with_args	10
0xf2a4ad58	of_css	1
0x94156ced	of_devfreq_cooling_register_power	1
0x882c7dd6	of_device_get_match_data	11
0x5cf87584	of_device_is_available	1
0xef4b763b	of_device_is_compatible	2
0x5d4ef795	of_dma_controller_free	1
0xec01ee07	of_dma_controller_register	1
0xff281b73	of_dma_xlate_by_chan_id	1
0x3c3784a8	of_drm_find_panel	1
0x65f9af5a	of_find_compatible_node	38
0x68bc512b	of_find_device_by_node	20
0x54cf30ec	of_find_matching_node_and_match	2
0x87f6e3eb	of_find_node_by_name	10
0x986f7ca8	of_find_node_opts_by_path	3
0x6ca7c29e	of_find_property	17
0x736f884a	of_fwnode_ops	1
0xa1e98370	of_get_address	1
0xb0ee738d	of_get_child_by_name	6
0x989b9369	of_get_cpu_node	3
0x982b7d12	of_get_named_gpio_flags	12
0x659b3c35	of_get_next_available_child	3
0x69601c70	of_get_next_child	6
0x6172fe2a	of_get_next_parent	1
0xad0a8a5a	of_get_property	9
0xd5fb2027	of_graph_get_next_endpoint	1
0xb66e8bc3	of_graph_get_remote_port_parent	1
0xcdb16f62	of_icc_get	2
0xdc33c5a9	of_iomap	21
0xe3ed0c5e	of_irq_find_parent	1
0x49a88480	of_irq_get	1
0xd31ccb06	of_machine_is_compatible	2
0x7576a4d9	of_match_device	1
0x488eb4e2	of_match_node	2
0xdd2d5834	of_mtk_icc_get	5
0x79746f10	of_parse_phandle	26
0x3cbbcd88	of_parse_phandle_with_args	1
0xe59e7d7b	of_platform_populate	1
0x1c9248ef	of_prop_next_string	2
0x7043d2c8	of_prop_next_u32	1
0x5f9e9913	of_property_count_elems_of_size	9
0x3ccde25c	of_property_match_string	2
0x9cf0dacc	of_property_read_string	24
0x7c02aadb	of_property_read_string_helper	9
0xa8a4448c	of_property_read_u32_index	12
0xac8a155e	of_property_read_u64	6
0xc8b2ce3e	of_property_read_variable_u16_array	4
0xfec2174f	of_property_read_variable_u32_array	78
0x19e37896	of_property_read_variable_u64_array	3
0x64cd05cd	of_property_read_variable_u8_array	1
0x43c31ab3	of_reserved_mem_device_init_by_idx	2
0xea5339e4	of_reserved_mem_lookup	9
0x0fdee4fc	of_root	1
0xaeda21a1	of_thermal_get_trip_points	1
0x36f6c2b3	of_translate_address	1
0x294b9ea1	on_each_cpu	1
0xd65281f0	page_endio	1
0x5000845d	page_mapping	1
0xacfe4142	page_pinner_inited	4
0xf1e046cc	panic	1
0x07ceeac9	panic_notifier_list	1
0xaf81f891	param_array_ops	1
0x20552bee	param_get_charp	1
0x32a1a2ea	param_get_int	2
0x1610bd2a	param_get_uint	4
0x7e481f32	param_get_ulong	1
0x65671f08	param_ops_bool	5
0xd1a4e093	param_ops_byte	1
0xd2728bc0	param_ops_charp	2
0xd8339549	param_ops_int	12
0x1115f928	param_ops_uint	12
0x7bf9691c	param_set_charp	1
0xa500aaf3	param_set_uint	3
0x8ef527f6	param_set_ulong	1
0xc1f3509f	pause_cpus	1
0xcbbacf81	pd_get_opp_capacity	2
0xda954312	perf_boost_cnt	1
0xa36a04a3	perf_boost_lock	1
0xbcfefbf3	perf_event_create_kernel_counter	1
0x7d609757	perf_event_disable	1
0x085a0bc8	perf_event_enable	1
0x4ec8ccb5	perf_event_release_kernel	1
0xc385cb58	perf_num_counters	1
0xcb8a6e1b	perf_trace_buf_alloc	16
0x707d45e8	perf_trace_run_bpf_submit	16
0x51e77c97	pfn_valid	3
0xe2da3166	phy_connect	1
0x6f3a06f6	phy_disconnect	1
0x87f68851	phy_do_ioctl_running	1
0xe11de541	phy_ethtool_get_link_ksettings	1
0x7cfa9588	phy_ethtool_nway_reset	1
0x21b2cfa6	phy_ethtool_set_link_ksettings	1
0x0605b2f5	phy_print_status	1
0xa751b989	phy_start	1
0xceef0b7f	phy_stop	1
0x918779bc	pid_task	2
0x83986d0c	pin_user_pages	1
0xb820deb2	pin_user_pages_remote	1
0x79a35362	pinctrl_lookup_state	14
0x5c39520d	pinctrl_select_state	14
0x04e90e03	platform_device_add	1
0xf477c34f	platform_device_alloc	1
0xe2e7afd8	platform_device_put	1
0xcbfe80e4	platform_device_register	6
0x0e8a28de	platform_device_unregister	8
0x329d9ae3	platform_driver_unregister	90
0xaf189c2c	platform_get_irq	11
0x2003709b	platform_get_irq_byname	6
0x2e29445c	platform_get_resource	17
0xc06cf568	platform_get_resource_byname	10
0x8081ce78	pm_runtime_enable	20
0xed52c306	pm_runtime_force_resume	1
0xd69360d3	pm_runtime_force_suspend	1
0x5b0864e7	pm_runtime_set_autosuspend_delay	1
0x9b555c8c	pm_suspend_default_s2idle	1
0x8c0215f2	pm_system_wakeup	2
0xe92462a2	pm_wakeup_dev_event	1
0x8a25ae5d	pm_wakeup_ws_event	7
0x141326e4	port_lookup_tid	1
0x886d3ed1	power_supply_changed	1
0x0175ced1	power_supply_get_by_name	6
0xbb72d6b4	power_supply_get_property	6
0x136209db	power_supply_reg_notifier	2
0x7f689a84	power_supply_set_property	2
0x43b0c9c3	preempt_schedule	10
0xf70e4a4d	preempt_schedule_notrace	19
0x8c26d495	prepare_to_wait_event	27
0x167c5967	print_hex_dump	2
0xc5850110	printk	136
0xd98307f5	printk_deferred	2
0x20fd21c6	proc_create	28
0xa79bc746	proc_create_data	11
0x18c67997	proc_mkdir	24
0x3650068f	proc_remove	7
0xcccf4a5e	proc_set_user	1
0xe83d4f5b	pskb_expand_head	1
0xbc44cef7	put_device	2
0x2f52bf01	put_disk	1
0xd3c5d4d0	put_pid	2
0x3f4547a7	put_unused_fd	3
0x208cad27	pwclkcnt	1
0xba40d025	pwm_set_spec_config	1
0xe9d29479	qos_ipi_to_sspm_scmi_command	2
0x10c6040e	qos_rec_get_hist_bw	1
0x95fc090a	qos_rec_get_hist_data_bw	1
0xccc0bcdb	qos_rec_get_hist_idx	1
0xdde97e81	qos_sram_read	1
0xbf57e89e	queue_delayed_work_on	23
0x732ac580	queue_work_on	35
0xa851973a	raw_notifier_call_chain	2
0xdc9fa232	raw_notifier_chain_register	2
0xd06524ba	raw_notifier_chain_unregister	2
0x4d9b652b	rb_erase	6
0xece784c2	rb_first	3
0xa5526619	rb_insert_color	5
0xca9360b5	rb_next	7
0xf82ec573	rb_prev	1
0x7fe32873	rb_replace_node	1
0x7a944007	rcu_idle_enter	1
0x0bfa3a19	rcu_idle_exit	1
0xa4c967b9	rcuwait_wake_up	1
0x0296695f	refcount_warn_saturate	13
0x4c028b7e	reg_loading_tracking_sp	1
0x409477c8	regcache_cache_only	1
0xfd0a796f	regcache_mark_dirty	1
0x817df507	regcache_sync	1
0xdc27041d	register_3way_semaphore_notifier	1
0x576edd4e	register_afe_allocate_mem_notifier	2
0xababc70d	register_battery_oc_notify	3
0x71a50dbc	register_blkdev	1
0x5e773c94	register_bp_thl_notify	2
0x3fd78f3b	register_chrdev_region	5
0x6c0a9213	register_devapc_vio_callback	1
0x67e404ca	register_dlpt_notify	1
0x1ffe8f67	register_file_buf_handler	1
0xf68285c0	register_inetaddr_notifier	1
0xa3f1c477	register_low_battery_notify	4
0xb0420543	register_netdev	2
0xc39e19e1	register_netdevice	1
0xd2da1048	register_netdevice_notifier	1
0x622c7922	register_oom_notifier	2
0x8124dc40	register_pbm_gpu_notify	1
0x9cc4f70a	register_pm_notifier	19
0x3517383e	register_reboot_notifier	1
0xd6408719	register_set_p2p_mode_handler	1
0x11269594	register_shrinker	2
0xb9c425de	register_syscore_ops	2
0x7331947d	register_virtio_device	1
0x1f7c6c96	register_virtio_driver	1
0x56b78be4	regmap_bulk_read	2
0xbaad388d	regmap_bulk_write	2
0x03d2aa62	regmap_read	13
0x03dfeaa4	regmap_update_bits_base	13
0xea78f66e	regmap_write	9
0x6c8362b4	regulator_disable	10
0xf3bd923d	regulator_enable	11
0xdbddc967	regulator_get	8
0x23a53f57	regulator_get_optional	3
0x89a8e255	regulator_get_voltage	4
0x2f1fa27c	regulator_is_enabled	4
0xfcd3f0fc	regulator_put	1
0x8f258f19	regulator_set_voltage	14
0xa6d21110	regulatory_hint	1
0xb3db4910	release_adsp_semaphore	1
0xc6d09aa9	release_firmware	10
0x723d2d0b	remap_pfn_range	9
0x3c651057	remove_proc_entry	14
0x52386c11	remove_proc_subtree	2
0x37110088	remove_wait_queue	1
0x92d08abd	request_firmware	10
0x2072ee9b	request_threaded_irq	24
0x6c4b6684	reset_control_assert	1
0xb2210d64	reset_control_deassert	1
0x1a1da70b	reset_hal_feature_table	1
0x7b491092	resume_cpus	1
0x5d63e7da	revalidate_disk_size	1
0xd2b9f243	richtek_spm_classdev_register	1
0x3705627f	richtek_spm_classdev_trigger_ampoff	1
0xe93949b6	richtek_spm_classdev_unregister	1
0x5855fc1d	rndis_test_last_msg_id	1
0xc4e69a85	rndis_test_reset_msg_cnt	1
0x7136ae17	rpmsg_create_ept	1
0x3705e77b	rpmsg_register_device	1
0xd45e13fe	rpmsg_trysend	1
0x8761c87b	rps_needed	1
0xb620c4e8	rtc_class_open	1
0x612d5db2	rtc_read_alarm	1
0x174b1e4f	rtc_read_time	1
0x4f783149	rtc_set_alarm	1
0x356461c8	rtc_time64_to_tm	11
0x4f2250ba	rtc_tm_to_time64	1
0x85670f1d	rtnl_is_locked	1
0xc7a4fbed	rtnl_lock	2
0x6e720ff2	rtnl_unlock	2
0x6b95284e	runqueues	5
0x7b4c9ba9	sbitmap_queue_min_shallow_depth	1
0xd653b126	sched_clock	27
0xef80ba0e	sched_feat_keys	3
0xfeec946b	sched_pause_cpu	1
0xd28b628b	sched_resume_cpu	1
0x964b323d	sched_set_fifo	1
0xe5791aa7	sched_setattr	1
0x8b367a60	sched_setattr_nocheck	1
0x53a8a11d	sched_setscheduler	7
0xd7462141	sched_setscheduler_nocheck	1
0x056a37c5	sched_uclamp_used	2
0x01000e51	schedule	18
0x8ddd8aad	schedule_timeout	19
0x69601fbf	scmi_tinysys_common_get	1
0x1cc7f053	scmi_tinysys_common_set	6
0xdc0928e8	scmi_tinysys_common_set_symbol	1
0x4056037d	scmi_tinysys_event_notify	3
0x54f15b49	scmi_tinysys_event_notify_symbol	1
0x1271fac9	scmi_tinysys_register_event_notifier	3
0x45db1b01	scmi_tinysys_register_event_notifier_symbol	1
0x96848186	scnprintf	31
0xfb1e61d0	scp_A_register_notify	5
0xe159ebf1	scp_A_unregister_notify	1
0x69ee8c3a	scp_audio_ipi_registration	1
0xc4662108	scp_awake_lock	1
0x4f509eed	scp_awake_unlock	1
0xc2285a53	scp_clr_spm_reg	1
0xf821a747	scp_deregister_feature	3
0x65548697	scp_deregister_sensor	1
0x847a3e4f	scp_get_reserve_mem_phys	6
0x93bd1743	scp_get_reserve_mem_size	4
0xee4c77f5	scp_get_reserve_mem_virt	6
0x512d9b79	scp_ipidev	4
0x7fb5c79c	scp_register_feature	3
0x2e8f217c	scp_register_sensor	1
0xb07d37cc	scp_send_message	1
0x1ac24c7e	scp_set_audio_afe	1
0x9b3810bc	sdio_claim_host	1
0xaccb9bd4	sdio_claim_irq	1
0x4b3d6f74	sdio_disable_func	1
0x8b3c936d	sdio_enable_func	1
0xf9ee2347	sdio_f0_readb	1
0x9d124c14	sdio_f0_writeb	1
0x874fe2a0	sdio_get_host_pm_caps	1
0xa9a0305b	sdio_readb	1
0xb87e3a23	sdio_readl	1
0xdf5d9150	sdio_readsb	1
0xd5855430	sdio_register_driver	1
0xd822fe69	sdio_release_host	1
0x35535c64	sdio_release_irq	1
0xb8ce5a3e	sdio_set_block_size	1
0xb31f951c	sdio_set_host_pm_flags	1
0x114763de	sdio_unregister_driver	1
0x41c02df5	sdio_writeb	1
0x3ccb0e9d	sdio_writel	1
0xa9a43a63	sdio_writesb	1
0x30bbe06f	sec_device_create	1
0x3cd9acd3	send_sig	2
0x90d98a9a	sensors_register	1
0xe7d4daac	seq_list_next	1
0xff1e9dd8	seq_list_start	1
0xad9f2705	seq_lseek	23
0x14ac9890	seq_open	10
0xd740362b	seq_printf	29
0xcc20708f	seq_putc	3
0xa2aa781e	seq_puts	18
0xb9997d36	seq_read	29
0xcf99893f	seq_release	10
0x9d51bcc0	seq_write	3
0x9217b64d	setMaxBrightness	1
0x46391f0b	set_blocksize	1
0x1678de86	set_clkdbg_ops	1
0x5b1557ed	set_cpu_active_bitmask	1
0x08217b97	set_cpu_min_opp	1
0x042f1936	set_cpus_allowed_ptr	3
0x9e61bb05	set_freezable	1
0x365acda7	set_normalized_timespec64	2
0x37435e08	set_page_dirty_lock	1
0x9c1dcc40	set_scp_ultra_base	1
0xf4404faa	set_task_cpu	1
0x413273bd	set_user_nice	7
0x3a2f6702	sg_alloc_table	3
0x7f5b4fe4	sg_free_table	2
0xb320cc0e	sg_init_one	1
0x87b8798d	sg_next	4
0x785a93b4	si_mem_available	1
0x40c7247c	si_meminfo	1
0xbf27df8c	simple_attr_open	3
0x4a788936	simple_attr_read	3
0xeb895e94	simple_attr_release	3
0xd9bf06e9	simple_attr_write	3
0x0896f768	simple_open	5
0x619cb7dd	simple_read_from_buffer	13
0x0b742fd7	simple_strtol	1
0x20000329	simple_strtoul	1
0xbb4f4766	simple_write_to_buffer	1
0x4f731e2b	single_open	23
0xef42eddb	single_release	19
0x3801bb9b	skb_clone	2
0xeef1b69f	skb_copy_expand	2
0x6632d00d	skb_dequeue	2
0xb5ab3a92	skb_pull	2
0x79770ebf	skb_pull_rcsum	1
0x2e381158	skb_push	4
0x890c62fc	skb_put	3
0x590942c6	skb_queue_head	1
0xca920659	skb_queue_tail	3
0xd8b90bc7	skb_realloc_headroom	2
0x30d4bf39	skb_trim	3
0xac65eca4	slbc_power_off	2
0x138b79de	slbc_power_on	2
0x8e681935	slbc_release	2
0xa91f561d	slbc_request	2
0xd69df2e7	slbc_sram_write	1
0x205e8cdf	smi_sysram_enable	1
0xa0eae826	smp_call_function	1
0x6228c21f	smp_call_function_single	2
0x388ab6e8	snd_card_add_dev_attr	2
0x20bb3709	snd_ctl_boolean_mono_info	3
0x14f4c7ac	snd_jack_set_key	1
0x68a24153	snd_pcm_format_physical_width	4
0xe56a9336	snd_pcm_format_width	2
0xa4ff36b7	snd_pcm_hw_constraint_integer	2
0xd79671c4	snd_pcm_hw_constraint_minmax	1
0x88c6303f	snd_pcm_hw_constraint_step	2
0xe9db4fdd	snd_pcm_lib_free_pages	1
0x15c26a7a	snd_pcm_lib_malloc_pages	1
0x4719ce13	snd_pcm_lib_preallocate_free_for_all	1
0x22e3b4fb	snd_pcm_lib_preallocate_pages_for_all	1
0x5f4372b9	snd_pcm_period_elapsed	4
0xc6ef6c04	snd_pcm_set_ops	1
0xf0b33873	snd_soc_add_component_controls	8
0x4ebf69d5	snd_soc_bytes_info_ext	2
0x6640e6ee	snd_soc_bytes_tlv_callback	2
0xbb169b45	snd_soc_card_jack_new	1
0xb2aae0c8	snd_soc_component_exit_regmap	1
0xddaab433	snd_soc_component_init_regmap	3
0x4f5ffcdb	snd_soc_component_read	1
0x233dfced	snd_soc_component_set_jack	1
0x841d6dda	snd_soc_component_update_bits	2
0x800af8ff	snd_soc_component_write	1
0x83e805f9	snd_soc_dai_set_sysclk	1
0x6fe199e0	snd_soc_dapm_add_routes	2
0xb4dc0197	snd_soc_dapm_disable_pin	2
0xfbb62918	snd_soc_dapm_enable_pin	1
0x6c4e91f4	snd_soc_dapm_get_enum_double	3
0x326a1f87	snd_soc_dapm_get_pin_switch	1
0x415a76f8	snd_soc_dapm_get_volsw	1
0x86a6366c	snd_soc_dapm_info_pin_switch	1
0x8448df58	snd_soc_dapm_new_controls	2
0x5d4d2bad	snd_soc_dapm_new_widgets	1
0x28cc9c07	snd_soc_dapm_put_enum_double	3
0xb44a9feb	snd_soc_dapm_put_pin_switch	1
0x1893a9f1	snd_soc_dapm_put_volsw	1
0x3322eaad	snd_soc_dapm_sync	1
0x901f7173	snd_soc_get_volsw	3
0xffaea249	snd_soc_info_enum_double	6
0xf643f1fa	snd_soc_info_volsw	6
0x298bf8c8	snd_soc_jack_report	1
0x89bfad02	snd_soc_new_compress	1
0xeb00f526	snd_soc_of_get_dai_link_codecs	1
0xb857b6dc	snd_soc_poweroff	1
0x3424c843	snd_soc_put_volsw	2
0x34511c76	snd_soc_register_component	3
0x4b452039	snd_soc_resume	1
0x9492d448	snd_soc_rtdcom_lookup	4
0x4056c6e4	snd_soc_set_runtime_hwparams	4
0xe2956764	snd_soc_unregister_component	2
0x656e4a6e	snprintf	61
0xb7c0f443	sort	1
0x92680418	spi_setup	2
0xaa554c78	spi_sync	4
0x661601de	sprint_symbol	1
0xe769232e	sprint_symbol_no_offset	1
0x3c3ff9fd	sprintf	28
0xb704a859	ssc_kobj	1
0x604684c3	ssc_vlogic_bound_register_notifier	1
0x647877aa	ssc_vlogic_bound_unregister_notifier	1
0xbcab6ee6	sscanf	32
0x6ce41c25	ssmr_offline	1
0xb8313cbf	ssmr_online	1
0xb6ea4eb1	sspm_reserve_mem_get_phys	5
0xe4ed75e0	sspm_reserve_mem_get_phys_symbol	1
0x317f1dbc	sspm_reserve_mem_get_size	5
0x704e1b69	sspm_reserve_mem_get_size_symbol	1
0x238d879c	sspm_reserve_mem_get_virt	5
0xf100b993	sspm_reserve_mem_get_virt_symbol	1
0x720bd81e	sspm_sbuf_get	2
0x6bd1aa56	stack_trace_save	1
0x2f4880df	static_key_slow_dec	2
0x8e92f7c4	static_key_slow_inc	2
0xbb4465d4	stop_one_cpu_nowait	1
0xaafdc258	strcasecmp	1
0x349cba85	strchr	8
0xe2d5255a	strcmp	52
0xe914e41e	strcpy	9
0x1ac5d3cb	strcspn	2
0x77bc13a0	strim	1
0xf9c0b663	strlcat	3
0x5792f848	strlcpy	19
0x98cf60b3	strlen	36
0x96b29254	strncasecmp	5
0x2e2b40d2	strncat	7
0x4841bdee	strnchr	1
0x5a921311	strncmp	31
0x9166fada	strncpy	28
0x24428be5	strncpy_from_user	3
0xa916b694	strnlen	8
0xc310b981	strnstr	3
0x9a1dfd65	strpbrk	1
0x9f984513	strrchr	2
0xdd64e639	strscpy	3
0x85df9b6c	strsep	17
0xc29bf967	strspn	1
0x1e6d26a8	strstr	13
0xff368e5f	submit_bio	1
0x32a9deed	submit_bio_wait	1
0xc9c97632	swpm_arm_dsu_pmu_enable	1
0xeeb1cc81	swpm_arm_dsu_pmu_get_status	1
0xc5933b1d	swpm_arm_pmu_enable_all	1
0x6262c539	swpm_arm_pmu_get_idx	1
0xe0eab005	swpm_arm_pmu_get_status	1
0x93b91bf3	swpm_common_wq	1
0xecdd408e	swpm_core_ops_register	1
0x1fc071d0	swpm_dbg_common_fs_init	1
0xa3cdaa08	swpm_get_rec_addr	1
0xe527af6b	swpm_interface_manager_init	1
0xd1ae99a9	swpm_log_interval_ms	1
0x704080f5	swpm_mem_addr_request	1
0xdd8b3a42	swpm_mutex	1
0x0dd2d75b	swpm_pmu_enable	1
0xa45fcf19	swpm_reserve_mem_init	1
0x513f892c	swpm_status	1
0xfbd56eea	swpm_timer	1
0x308037c0	sync_file_create	4
0x4dca08ee	sync_file_get_fence	2
0xe523ad75	synchronize_irq	3
0x6091797f	synchronize_rcu	4
0x98b0243a	synchronize_srcu	1
0xfe5d4bb2	sys_tz	5
0xe4428e2a	syscon_node_to_regmap	1
0x482954a5	syscon_regmap_lookup_by_phandle	4
0x4fc8c1b0	sysfs_create_file_ns	7
0xaa3caa56	sysfs_create_group	16
0xc01c8b87	sysfs_create_link	2
0xefd0ee57	sysfs_remove_file_ns	6
0xe8415b1d	sysfs_remove_group	11
0x9b2b597c	sysfs_remove_link	2
0x222e7ce2	sysfs_streq	4
0xd067d3c5	system_freezable_power_efficient_wq	2
0xd4034828	system_freezable_wq	1
0x7ab88a45	system_freezing_cnt	3
0xcd91b127	system_highpri_wq	1
0x47884890	system_power_efficient_wq	1
0xd4c14632	system_unbound_wq	1
0x2d3385d3	system_wq	26
0x828a69f4	task_may_not_preempt	1
0x2364c85a	tasklet_init	7
0x0ea3c74e	tasklet_kill	8
0xa07d1b3c	tasklet_setup	3
0xb36db42d	thermal_apu_mbox_base	1
0x9df1a3d9	thermal_cooling_device_unregister	3
0x0fd08486	thermal_csram_base	1
0xeada5ab8	thermal_of_cooling_device_register	3
0x6ea69b25	thermal_zone_device_update	1
0xbb2aa579	thermal_zone_get_temp	4
0x7d5c137f	thermal_zone_get_zone_by_name	6
0x2943498b	tick_nohz_get_idle_calls_cpu	1
0x862258db	timecounter_init	4
0x6f9e763b	timecounter_read	4
0x8f5fb950	timer_unstable_counter_workaround	1
0xc968945e	tipc_k_connect	1
0x98288b5c	tipc_k_disconnect	1
0x53b8fcdb	tipc_k_read	1
0x9353a695	tipc_k_write	1
0xdabdc7b5	tipc_set_default_cpumask	1
0x890c0bd8	tmem_type2sec_id	1
0xea0dce63	topology_set_thermal_pressure	1
0x075a4210	tp_choose_panel	1
0x79b18549	tp_common_init	4
0x39d3ba6a	tp_detect_panel	4
0xb535ea13	tp_get_boot_mode	1
0x71a4c47d	tp_usb_notifier_register	4
0x975927bc	tp_usb_notifier_unregister	4
0x6acaad61	trace_event_buffer_commit	16
0x90b21669	trace_event_buffer_reserve	16
0x72b15a7c	trace_event_ignore_this_pid	16
0xe79bbd92	trace_event_raw_init	16
0x9939f2b0	trace_event_reg	16
0x7381287f	trace_handle_return	16
0xfe45009d	trace_output_call	1
0xc3bc72ad	trace_print_array_seq	2
0x99078b39	trace_print_flags_seq	1
0xcc5c2df4	trace_print_symbols_seq	1
0xb4304cd8	trace_raw_output_prep	16
0x525d0aa3	trace_seq_printf	16
0x1b5f4377	trace_seq_putc	1
0xd217e9e6	trace_set_clr_event	1
0x95e102ab	tracepoint_probe_register	10
0xdbeeece6	tracepoint_probe_unregister	8
0xbf451872	tracepoint_srcu	1
0x39806e63	trigger_vcp_halt	2
0x430f667e	trusted_mem_api_alloc	1
0x6abfca53	trusted_mem_api_get_region_info	1
0xe0d30325	trusted_mem_api_query_pa	1
0x04bcd522	trusted_mem_api_unref	1
0x2604d0a4	trusty_adjust_task_attr	1
0x55fc65cb	trusty_call_notifier_register	3
0xeec8b241	trusty_call_notifier_unregister	3
0x625a1c48	trusty_callback_notifier_register	1
0xd7bf87f7	trusty_callback_notifier_unregister	1
0xb94b401b	trusty_dequeue_nop	1
0xed6d0c0f	trusty_dump_systrace	1
0x9becc24d	trusty_enqueue_nop	3
0x218730b2	trusty_fast_call32	5
0xf1276a51	trusty_get_api_version	2
0xbf6377b8	trusty_std_call32	4
0x2e2aee74	trusty_version_str_get	1
0x36505ade	try_module_get	2
0x21ef374c	try_wait_for_completion	1
0x2f2814e2	tty_driver_flush_buffer	1
0x3db52eb3	tty_register_ldisc	1
0xa120d33c	tty_unregister_ldisc	1
0xa6439876	tz_system_dev	1
0x1a6682c8	tz_system_driver	1
0x960c9cd4	uclamp_eff_value	2
0xabf2629d	ultra_set_dsp_afe	1
0xc5aaf2e4	unlock_page	1
0x153538fc	unmap_mapping_range	1
0x4b5e52d1	unpin_user_page	1
0xb23bdc4f	unreg_loading_tracking_sp	1
0x05f5fa5d	unregister_3way_semaphore_notifier	1
0xfd129482	unregister_afe_allocate_mem_notifier	2
0xb5a459dc	unregister_blkdev	1
0x6091b333	unregister_chrdev_region	28
0xfe029963	unregister_inetaddr_notifier	1
0x7f1cc889	unregister_netdev	2
0x9d0d6206	unregister_netdevice_notifier	1
0xa7aa3665	unregister_netdevice_queue	1
0xc617f82c	unregister_oom_notifier	2
0x7681946c	unregister_pm_notifier	4
0xac1a55be	unregister_reboot_notifier	1
0x3e9bf49a	unregister_shrinker	2
0x84148cca	unregister_virtio_device	1
0xcb3110fa	unregister_virtio_driver	1
0x6b50e951	up_read	4
0x20d81059	up_write	3
0xca971b10	update_driver_loaded_status	1
0x446a8390	update_rq_clock	2
0x5f2612a8	update_uartlog_status	1
0x371c0e4c	usb_assign_descriptors	1
0x3713f090	usb_deregister	2
0x880d48e4	usb_ep_alloc_request	2
0x70832c42	usb_ep_autoconfig	1
0x1aec8cdd	usb_ep_disable	2
0x2dbea237	usb_ep_enable	2
0x1d6766db	usb_ep_free_request	2
0xd4616fc7	usb_ep_queue	2
0xd94a5c25	usb_free_all_descriptors	1
0x0f3a28dd	usb_function_register	1
0x012df4f3	usb_function_unregister	1
0x10c531af	usb_gstrings_attach	1
0xe7b7798d	usb_interface_id	1
0x64479d25	usb_os_desc_prepare_interf_dir	1
0x15993252	usb_put_function_instance	1
0x8ef88460	usb_register_driver	2
0x29b080fc	usbnet_change_mtu	1
0x0ff76f05	usbnet_disconnect	2
0xc9eac17c	usbnet_get_drvinfo	1
0xf4f15b5b	usbnet_get_endpoints	2
0xd7a67954	usbnet_get_link	1
0x380a7431	usbnet_get_link_ksettings	1
0xf3d72f22	usbnet_get_msglevel	2
0x215193d5	usbnet_get_stats64	2
0xb1cd063c	usbnet_link_change	2
0x6c1511e8	usbnet_nway_reset	2
0xc3a67b97	usbnet_open	2
0xde28ecc9	usbnet_probe	2
0x2964220d	usbnet_read_cmd	2
0x8e53eb27	usbnet_read_cmd_nopm	2
0xb8a6dd7e	usbnet_resume	2
0x7259d95e	usbnet_set_link_ksettings	1
0x7f387937	usbnet_set_msglevel	2
0xcdd5b8b2	usbnet_skb_return	2
0xf39235cd	usbnet_start_xmit	2
0xf92f93f3	usbnet_stop	2
0x075b826b	usbnet_suspend	2
0x2c5d3733	usbnet_tx_timeout	2
0x29e590f9	usbnet_unlink_rx_urbs	1
0xa88a6b99	usbnet_update_max_qlen	2
0x6df8715a	usbnet_write_cmd	2
0x3e2f2f49	usbnet_write_cmd_async	2
0x2ccb9d2d	usbnet_write_cmd_nopm	2
0x12a38747	usleep_range	26
0x91b7897e	v4l2_async_notifier_add_fwnode_subdev	1
0x753d70e7	v4l2_async_notifier_init	1
0xb38b93d3	v4l2_async_notifier_register	1
0xfb46fd33	v4l2_async_notifier_unregister	1
0xa357b7b4	v4l2_async_register_subdev	1
0xb955ffde	v4l2_ctrl_handler_free	4
0x48598beb	v4l2_ctrl_handler_init_class	4
0xfe70f9dd	v4l2_ctrl_handler_setup	3
0xbef09d5c	v4l2_ctrl_new_custom	2
0x3da5d575	v4l2_ctrl_new_std	4
0x663d2402	v4l2_ctrl_new_std_menu	2
0x497b3676	v4l2_ctrl_subscribe_event	3
0x6cd98629	v4l2_device_register	4
0xe690bb6b	v4l2_device_unregister	4
0x1ddcdfef	v4l2_device_unregister_subdev	1
0x972d372d	v4l2_event_queue_fh	3
0x1d367307	v4l2_event_subscribe	2
0x9f4125f7	v4l2_event_unsubscribe	3
0xd9db2e55	v4l2_fh_add	3
0x8a86946c	v4l2_fh_del	3
0xb007f7ca	v4l2_fh_exit	3
0x35d6e3e8	v4l2_fh_init	3
0x0edab880	v4l2_fh_is_singular	2
0x8b075cad	v4l2_m2m_buf_queue	2
0x7e7ff930	v4l2_m2m_buf_queue_check	2
0xd0d42e4c	v4l2_m2m_buf_remove	4
0x49354d39	v4l2_m2m_ctx_init	3
0x04b7ae0c	v4l2_m2m_ctx_release	3
0x35202f21	v4l2_m2m_dqbuf	2
0x2ab37d60	v4l2_m2m_fop_mmap	3
0xa61b18c9	v4l2_m2m_fop_poll	3
0x459e133f	v4l2_m2m_get_curr_priv	1
0xd82fa258	v4l2_m2m_get_vq	3
0x730f2eae	v4l2_m2m_init	3
0x4f8e6639	v4l2_m2m_ioctl_create_bufs	3
0x1650b837	v4l2_m2m_ioctl_dqbuf	1
0x967bfebc	v4l2_m2m_ioctl_expbuf	3
0xf7d59980	v4l2_m2m_ioctl_prepare_buf	2
0x097d5e62	v4l2_m2m_ioctl_qbuf	1
0x7214ae03	v4l2_m2m_ioctl_querybuf	3
0xfa07348f	v4l2_m2m_ioctl_reqbufs	3
0xb0151eb7	v4l2_m2m_ioctl_streamoff	3
0x194194bf	v4l2_m2m_ioctl_streamon	3
0x589c9e9f	v4l2_m2m_job_finish	3
0xdc783b70	v4l2_m2m_next_buf	4
0xffdfd145	v4l2_m2m_qbuf	3
0xc6fca5ad	v4l2_m2m_release	3
0x5352d022	v4l2_m2m_resume	1
0xfc5be2fd	v4l2_m2m_streamoff	2
0xf626dd03	v4l2_m2m_suspend	1
0x8ff063ec	v4l2_m2m_try_schedule	2
0x8178ccbb	v4l2_src_change_event_subscribe	2
0x6a0a6a61	v4l2_subdev_init	1
0xf5ef842e	v4l_bound_align_image	2
0x6ea2ae0a	v4l_fill_mtk_fmtdesc	2
0xc56a41e6	vabits_actual	28
0x171bbe32	vb2_buffer_done	3
0xe7b9b5bb	vb2_dma_contig_memops	4
0xb43f5074	vb2_ops_wait_finish	3
0x4517b427	vb2_ops_wait_prepare	3
0x4150a3aa	vb2_plane_cookie	4
0xcef56e09	vb2_plane_vaddr	4
0xe690b40a	vb2_queue_init	3
0x444004dd	vb2_queue_release	1
0x1fbc8ac9	vchan_dma_desc_free_list	1
0x2256ac56	vchan_init	1
0x1117b53f	vchan_tx_desc_free	1
0x4062113e	vchan_tx_submit	1
0x6e008147	vcorefs_get_num_opp	1
0xb93545c8	vcorefs_get_num_opp_symbol	1
0xfdc4df1d	vcorefs_get_opp_info	1
0xe228fd87	vcorefs_get_opp_info_name	1
0x50e4cbd9	vcorefs_get_opp_info_name_symbol	1
0xcc980630	vcorefs_get_opp_info_num	1
0xcf91e23c	vcorefs_get_opp_info_num_symbol	1
0x580a445f	vcorefs_get_opp_info_symbol	1
0x9ddc3b88	vcorefs_get_src_req	1
0xb1618a62	vcorefs_get_src_req_name	1
0x2dde83ec	vcorefs_get_src_req_name_symbol	1
0x67c99abe	vcorefs_get_src_req_num	1
0x07c9111a	vcorefs_get_src_req_num_symbol	1
0x4fb045e6	vcorefs_get_src_req_symbol	1
0xe964785f	vcp_A_register_notify	2
0xdb02e317	vcp_deregister_feature	2
0x12cbfd79	vcp_get_io_device	3
0xa21334ad	vcp_get_reserve_mem_phys	2
0xc3057948	vcp_get_reserve_mem_size	2
0x356d286a	vcp_get_reserve_mem_virt	2
0x207a373b	vcp_ipidev	2
0x37de27bb	vcp_register_feature	2
0x5d2e9272	vcp_set_fp	1
0x117a4ffa	vcp_support	1
0x97af4f7f	vcu_func	3
0x1c109b68	vcu_get_gce_lock	1
0x530310bb	vcu_put_gce_lock	1
0x999e8297	vfree	21
0x04207749	video_devdata	3
0xa0b2d8ce	video_device_alloc	4
0x284b3c6c	video_device_release	3
0x7207d3a9	video_ioctl2	3
0xa16f80e7	video_unregister_device	3
0x3cfcd792	virtqueue_add_inbuf	1
0xd3533cee	virtqueue_add_outbuf	1
0xa9eef8d0	virtqueue_detach_unused_buf	1
0x77228f83	virtqueue_get_buf	1
0xff332973	virtqueue_get_vring_size	1
0xb33e781c	virtqueue_kick_prepare	1
0xf965a57b	virtqueue_notify	1
0xbe72514d	vm_event_states	1
0x6513ba54	vm_node_stat	1
0x02ba1187	vm_zone_stat	3
0xd6ee688f	vmalloc	16
0x1270d593	vmap	1
0x4c67350d	vmf_insert_pfn_prot	2
0x715a5ed0	vprintk	1
0x1a67569d	vring_del_virtqueue	1
0xff05fa13	vring_interrupt	1
0x5b80b3a6	vring_new_virtqueue	1
0xaa0c318b	vscnprintf	1
0x00148653	vsnprintf	7
0x78b887ed	vsprintf	1
0x94961283	vunmap	1
0x40a9b349	vzalloc	11
0x25974000	wait_for_completion	5
0x2e3bcce2	wait_for_completion_interruptible	7
0xf02aa937	wait_for_completion_interruptible_timeout	6
0x20463df4	wait_for_completion_killable	1
0x726bc3c7	wait_for_completion_killable_timeout	1
0x4a3ad70e	wait_for_completion_timeout	11
0x689632ca	wait_on_page_bit	1
0xb308c97d	wait_woken	1
0xa4304a36	wake_up_process	27
0x28230a3f	wakeup_source_register	24
0x357b5405	wakeup_source_unregister	13
0xaf5eef2e	wifi_fwlog_event_func_register	1
0x7c643ee5	wifi_fwlog_get_fw_ver_register	1
0x6cd4e698	wifi_irq	1
0x6f3bf319	wifi_reset_end	1
0xcf8cb5e3	wifi_reset_start	1
0x725ed62e	wiphy_apply_custom_regulatory	1
0x5e97829f	wiphy_free	1
0xac389d85	wiphy_new_nm	1
0x4d2abffe	wiphy_register	1
0xca357b06	wiphy_unregister	1
0x5535f68b	wireless_send_event	1
0x3296a2c2	wmt_export_mtk_wcn_cmb_sdio_disable_eirq	1
0xbcada9fb	wmt_export_mtk_wcn_sdio_irq_flag_set	1
0xd8f21ebf	wmt_export_platform_bridge_register	1
0x606be4ee	wmt_export_platform_bridge_unregister	1
0xd0654aba	woken_wake_function	1
0x2d181b92	word_size_align	1
0x86ab091d	work_busy	1
0xf82f3657	work_on_cpu	3
0xb55e131a	ww_mutex_unlock	2
0xb20bba52	xgf_alloc	1
0x344d7494	xgf_atomic_read	1
0x639b337c	xgf_check_main_sf_pid	1
0x78cc6734	xgf_check_specific_pid	1
0x6ef4f075	xgf_clean_deps_list	1
0xe4ae7b24	xgf_dep_frames_mod	1
0x8456af27	xgf_ema2_init_fp	1
0xef954693	xgf_ema2_predict_fp	1
0x0b37b3f6	xgf_est_runtime_fp	1
0x5a2b1b32	xgf_event_data	1
0x0078d1b7	xgf_event_index	1
0x00adefd8	xgf_extra_sub_assign	1
0xde238e8a	xgf_free	1
0x048cedb7	xgf_get_dep	1
0x6338576b	xgf_get_display_rate	1
0xb6006b29	xgf_get_process_id	1
0xd6f74fa3	xgf_hw_events_update	1
0x456dce4f	xgf_ko_enabled	1
0x1b334f73	xgf_lockprove	1
0xd1dc7e9e	xgf_max_events	1
0x9f7e0a15	xgf_num_possible_cpus	1
0x66f9e1be	xgf_set_logical_render_info	1
0x984a5f1d	xgf_set_logical_render_runtime	1
0xcd088dd4	xgf_set_timer_info	1
0xb2fdf81f	xgf_spid_sub_assign	1
0x46ea2c6b	xgf_trace	1
0x0a3ea9b1	xgf_trace_enable	1
0x5859ff7c	xgff_clean_deps_list	1
0x41b74599	xgff_dep_frames_mod	1
0x6ec2ccc8	xgff_est_runtime_fp	1
0xb1bdf44f	xgff_get_dep	1
0xca3becf6	xgff_update_start_prev_index_fp	1
0xf2c43f3f	zlib_deflate	1
0xc890c008	zlib_deflateEnd	1
0x5a0b73d0	zlib_deflateInit2	1
0x6aeefac4	zlib_deflateReset	1
0xe9f7149c	zlib_deflate_workspacesize	1
0x5da67adc	zs_compact	1
0xbcf1f0e6	zs_create_pool	1
0xc69b7ee5	zs_destroy_pool	1
0x958df3ac	zs_free	1
0xcbe56bc2	zs_get_total_pages	1
0x3d8baf3b	zs_huge_class_size	1
0xb29533ee	zs_malloc	1
0xc341ae6d	zs_map_object	1
0x7cceaf92	zs_pool_stats	1
0x924c46f8	zs_unmap_object	1
